artifact_class,avg_decision_time_ms,candidate_count,candidate_coverage_metric_source,candidate_coverage_validation,candidate_filter,candidate_scope,checkpoint,checkpoint_fingerprint,command,config_fingerprint,contract_id,cost_model,data_quality_profile_fingerprint,data_quality_profile_id,data_quality_report_fingerprint,decision_count,decision_holdout_fingerprint,decision_time_seconds,dirty_demotion_nvm_write,dram_capacity,dram_initial_state,experiment_contract,first_touch_accounting,git_commit,hit_rate,hit_rate_percent,hits,initial_residency,learned_model,learned_model_fingerprint,migrations,misses,model_seed,normalized_policy,nvm_capacity_pages,nvm_reads,nvm_writes,policy,rank_guard,rank_score_penalty,replay_seed,run_profile,run_seed,run_status,schema_version,selector_fingerprint,selector_params,source_manifest_fingerprint,split_fingerprints,test_trace_fingerprint,test_used_for_selection,total_accesses,trace_page_backing,trace_path,weighted_access_cost,workload,workload_id
official,3.3713195679906462,8,valid_trace,"{""EndToEndRecall@K"": 1.0, ""NRegret"": 0.0, ""PoolRecall@B"": 1.0, ""SelectorRecall@K"": 1.0, ""TieCoverage@K"": 0.16296609613366286}","{""avg_selector_time_ms"": 0.41904724188034503, ""decision_count"": 2636, ""max_B_t"": 64, ""max_K_t"": 8, ""mean_B_t"": 64.0, ""mean_K_t"": 8.0, ""min_B_t"": 64, ""min_K_t"": 8, ""selector_time_seconds"": 1.1046085295965895}",capd_selector_B_to_K,/home/likc/Q-former-for-OS/outputs/checkpoints/finals_v3_official/stage4_reranker/canneal/seed_3136859/qmap_best.pth,eac36b903ae31ca885cbab289566f86f142b8686dfaf969b3e60869b1b1defcf,qmap/qmap_eval.py --config /home/likc/Q-former-for-OS/dataset/jsonl/finals_v3_official/canneal/B64/resolved_config.json --selector_params /home/likc/Q-former-for-OS/dataset/jsonl/finals_v3_official/canneal/B64/selector_params.json --policy qmap --checkpoint /home/likc/Q-former-for-OS/outputs/checkpoints/finals_v3_official/stage4_reranker/canneal/seed_3136859/qmap_best.pth --json_output /home/likc/Q-former-for-OS/outputs/results/finals_v3_official/stage5_main/raw/canneal/qmap/seed_3136859.json,fc42c1a0a7575301beb59e1bb9f65ece8034be5033b5733022c6547000b89322,CAPD-MIC-1.0,"{""dram_read_cost"": 1.0, ""dram_write_cost"": 1.0, ""migration_cost"": 10.0, ""nvm_read_cost"": 2.0, ""nvm_write_cost"": 8.0}",fd9f3359900bdf868d9e985f967428aa6588c79b6d4944d08864b09cfbc51589,capd_finals_v3_official_data_v1,5986f7d63d4b81da33feb24a9c6a7d3db51c339d421e1322d4f80b7bc3249bdb,2636,,8.886798381223343,none,64,empty,"{""B"": 64, ""D"": 64, ""H"": 10, ""Hc"": 256, ""K"": 8, ""L"": 256, ""Lres"": 256, ""approx_ndcg_alpha"": 10.0, ""artifact_class"": ""official"", ""contract_id"": ""CAPD-MIC-1.0"", ""dirty_demotion_nvm_write"": ""none"", ""dram_initial_state"": ""empty"", ""first_touch_accounting"": ""nvm_access"", ""initial_residency"": ""all_trace_pages_in_nvm"", ""lru_direction"": ""oldest_is_one"", ""nvm_capacity_pages"": null, ""page_oov"": ""unk"", ""page_state_dim"": 4, ""page_vocab_fit"": ""train_only"", ""pc_oov"": ""unk"", ""pc_vocab_fit"": ""train_only"", ""position_encoding"": ""sinusoidal"", ""run_profile"": ""official"", ""schema_version"": ""capd_finals_v3_0"", ""selector_recall_tie"": ""any_hit"", ""shared_page_embedding"": true, ""tail_policy"": ""drop_incomplete_window"", ""trace_page_backing"": ""all_trace_pages"", ""training_scope"": ""per_workload"", ""validation_guard_accesses"": 256, ""validation_holdout_fraction"": 0.2, ""validation_strategy"": ""independent_valid_trace""}",nvm_access,2bd07f29a639d54db5180b57651842ce95dd3014,0.9865,98.65,197300,all_trace_pages_in_nvm,,,2636,2700,3136859,qmap,,2684,16,qmap,0,0.0,0,official,3136859,COMPLETED,capd_finals_v3_0,48e4758012a2987ecf8a5dc7ea8c1b477eed1aed079f74f7205e7a576b430d97,/home/likc/Q-former-for-OS/dataset/jsonl/finals_v3_official/canneal/B64/selector_params.json,33ee5f0f77966a23dfad7b07a1b50779a849fe27ed2da0a0d13b1a3adbb74686,"{""test"": ""3a5ecb35b4aec98a8fb470483ce0427d4da21ede1e3af387d9b7d61bccf6138e"", ""train"": ""4a98f01a328d2d86b680fde62818163ceb2403392f59676210ea22989c3b773f"", ""valid"": ""2805d4cf2a4d5d2051a0db3baf6ded3abf7d720f82eae3071f0746f4fcaee142""}",3a5ecb35b4aec98a8fb470483ce0427d4da21ede1e3af387d9b7d61bccf6138e,False,200000,all_trace_pages,dataset/processed/finals_v3_official/canneal/test.csv,229156.0,canneal,canneal
official,3.400107636136027,8,valid_trace,"{""EndToEndRecall@K"": 1.0, ""NRegret"": 0.0, ""PoolRecall@B"": 1.0, ""SelectorRecall@K"": 1.0, ""TieCoverage@K"": 0.16296609613366286}","{""avg_selector_time_ms"": 0.4131317911575618, ""decision_count"": 2378, ""max_B_t"": 64, ""max_K_t"": 8, ""mean_B_t"": 64.0, ""mean_K_t"": 8.0, ""min_B_t"": 64, ""min_K_t"": 8, ""selector_time_seconds"": 0.982427399372682}",capd_selector_B_to_K,/home/likc/Q-former-for-OS/outputs/checkpoints/finals_v3_official/stage4_reranker/canneal/seed_42/qmap_best.pth,7e01deec82a579ab5f8dec93227ead94194a0cea19c55e837cae9a9c64486d25,qmap/qmap_eval.py --config /home/likc/Q-former-for-OS/dataset/jsonl/finals_v3_official/canneal/B64/resolved_config.json --selector_params /home/likc/Q-former-for-OS/dataset/jsonl/finals_v3_official/canneal/B64/selector_params.json --policy qmap --checkpoint /home/likc/Q-former-for-OS/outputs/checkpoints/finals_v3_official/stage4_reranker/canneal/seed_42/qmap_best.pth --json_output /home/likc/Q-former-for-OS/outputs/results/finals_v3_official/stage5_main/raw/canneal/qmap/seed_42.json,fc42c1a0a7575301beb59e1bb9f65ece8034be5033b5733022c6547000b89322,CAPD-MIC-1.0,"{""dram_read_cost"": 1.0, ""dram_write_cost"": 1.0, ""migration_cost"": 10.0, ""nvm_read_cost"": 2.0, ""nvm_write_cost"": 8.0}",fd9f3359900bdf868d9e985f967428aa6588c79b6d4944d08864b09cfbc51589,capd_finals_v3_official_data_v1,5986f7d63d4b81da33feb24a9c6a7d3db51c339d421e1322d4f80b7bc3249bdb,2378,,8.085455958731472,none,64,empty,"{""B"": 64, ""D"": 64, ""H"": 10, ""Hc"": 256, ""K"": 8, ""L"": 256, ""Lres"": 256, ""approx_ndcg_alpha"": 10.0, ""artifact_class"": ""official"", ""contract_id"": ""CAPD-MIC-1.0"", ""dirty_demotion_nvm_write"": ""none"", ""dram_initial_state"": ""empty"", ""first_touch_accounting"": ""nvm_access"", ""initial_residency"": ""all_trace_pages_in_nvm"", ""lru_direction"": ""oldest_is_one"", ""nvm_capacity_pages"": null, ""page_oov"": ""unk"", ""page_state_dim"": 4, ""page_vocab_fit"": ""train_only"", ""pc_oov"": ""unk"", ""pc_vocab_fit"": ""train_only"", ""position_encoding"": ""sinusoidal"", ""run_profile"": ""official"", ""schema_version"": ""capd_finals_v3_0"", ""selector_recall_tie"": ""any_hit"", ""shared_page_embedding"": true, ""tail_policy"": ""drop_incomplete_window"", ""trace_page_backing"": ""all_trace_pages"", ""training_scope"": ""per_workload"", ""validation_guard_accesses"": 256, ""validation_holdout_fraction"": 0.2, ""validation_strategy"": ""independent_valid_trace""}",nvm_access,2bd07f29a639d54db5180b57651842ce95dd3014,0.98779,98.779,197558,all_trace_pages_in_nvm,,,2378,2442,42,qmap,,2426,16,qmap,0,0.0,0,official,42,COMPLETED,capd_finals_v3_0,48e4758012a2987ecf8a5dc7ea8c1b477eed1aed079f74f7205e7a576b430d97,/home/likc/Q-former-for-OS/dataset/jsonl/finals_v3_official/canneal/B64/selector_params.json,33ee5f0f77966a23dfad7b07a1b50779a849fe27ed2da0a0d13b1a3adbb74686,"{""test"": ""3a5ecb35b4aec98a8fb470483ce0427d4da21ede1e3af387d9b7d61bccf6138e"", ""train"": ""4a98f01a328d2d86b680fde62818163ceb2403392f59676210ea22989c3b773f"", ""valid"": ""2805d4cf2a4d5d2051a0db3baf6ded3abf7d720f82eae3071f0746f4fcaee142""}",3a5ecb35b4aec98a8fb470483ce0427d4da21ede1e3af387d9b7d61bccf6138e,False,200000,all_trace_pages,dataset/processed/finals_v3_official/canneal/test.csv,226318.0,canneal,canneal
official,3.3801448688258993,8,valid_trace,"{""EndToEndRecall@K"": 1.0, ""NRegret"": 0.0, ""PoolRecall@B"": 1.0, ""SelectorRecall@K"": 1.0, ""TieCoverage@K"": 0.16296609613366286}","{""avg_selector_time_ms"": 0.41782914319208037, ""decision_count"": 2441, ""max_B_t"": 64, ""max_K_t"": 8, ""mean_B_t"": 64.0, ""mean_K_t"": 8.0, ""min_B_t"": 64, ""min_K_t"": 8, ""selector_time_seconds"": 1.0199209385318682}",capd_selector_B_to_K,/home/likc/Q-former-for-OS/outputs/checkpoints/finals_v3_official/stage4_reranker/canneal/seed_2026/qmap_best.pth,4a671675ec82b1ca34048d7a68d7e7553ac0d92a18c503c6401a64a5e18e4024,qmap/qmap_eval.py --config /home/likc/Q-former-for-OS/dataset/jsonl/finals_v3_official/canneal/B64/resolved_config.json --selector_params /home/likc/Q-former-for-OS/dataset/jsonl/finals_v3_official/canneal/B64/selector_params.json --policy qmap --checkpoint /home/likc/Q-former-for-OS/outputs/checkpoints/finals_v3_official/stage4_reranker/canneal/seed_2026/qmap_best.pth --json_output /home/likc/Q-former-for-OS/outputs/results/finals_v3_official/stage5_main/raw/canneal/qmap/seed_2026.json,fc42c1a0a7575301beb59e1bb9f65ece8034be5033b5733022c6547000b89322,CAPD-MIC-1.0,"{""dram_read_cost"": 1.0, ""dram_write_cost"": 1.0, ""migration_cost"": 10.0, ""nvm_read_cost"": 2.0, ""nvm_write_cost"": 8.0}",fd9f3359900bdf868d9e985f967428aa6588c79b6d4944d08864b09cfbc51589,capd_finals_v3_official_data_v1,5986f7d63d4b81da33feb24a9c6a7d3db51c339d421e1322d4f80b7bc3249bdb,2441,,8.25093362480402,none,64,empty,"{""B"": 64, ""D"": 64, ""H"": 10, ""Hc"": 256, ""K"": 8, ""L"": 256, ""Lres"": 256, ""approx_ndcg_alpha"": 10.0, ""artifact_class"": ""official"", ""contract_id"": ""CAPD-MIC-1.0"", ""dirty_demotion_nvm_write"": ""none"", ""dram_initial_state"": ""empty"", ""first_touch_accounting"": ""nvm_access"", ""initial_residency"": ""all_trace_pages_in_nvm"", ""lru_direction"": ""oldest_is_one"", ""nvm_capacity_pages"": null, ""page_oov"": ""unk"", ""page_state_dim"": 4, ""page_vocab_fit"": ""train_only"", ""pc_oov"": ""unk"", ""pc_vocab_fit"": ""train_only"", ""position_encoding"": ""sinusoidal"", ""run_profile"": ""official"", ""schema_version"": ""capd_finals_v3_0"", ""selector_recall_tie"": ""any_hit"", ""shared_page_embedding"": true, ""tail_policy"": ""drop_incomplete_window"", ""trace_page_backing"": ""all_trace_pages"", ""training_scope"": ""per_workload"", ""validation_guard_accesses"": 256, ""validation_holdout_fraction"": 0.2, ""validation_strategy"": ""independent_valid_trace""}",nvm_access,2bd07f29a639d54db5180b57651842ce95dd3014,0.987475,98.7475,197495,all_trace_pages_in_nvm,,,2441,2505,2026,qmap,,2489,16,qmap,0,0.0,0,official,2026,COMPLETED,capd_finals_v3_0,48e4758012a2987ecf8a5dc7ea8c1b477eed1aed079f74f7205e7a576b430d97,/home/likc/Q-former-for-OS/dataset/jsonl/finals_v3_official/canneal/B64/selector_params.json,33ee5f0f77966a23dfad7b07a1b50779a849fe27ed2da0a0d13b1a3adbb74686,"{""test"": ""3a5ecb35b4aec98a8fb470483ce0427d4da21ede1e3af387d9b7d61bccf6138e"", ""train"": ""4a98f01a328d2d86b680fde62818163ceb2403392f59676210ea22989c3b773f"", ""valid"": ""2805d4cf2a4d5d2051a0db3baf6ded3abf7d720f82eae3071f0746f4fcaee142""}",3a5ecb35b4aec98a8fb470483ce0427d4da21ede1e3af387d9b7d61bccf6138e,False,200000,all_trace_pages,dataset/processed/finals_v3_official/canneal/test.csv,227011.0,canneal,canneal
official,0.0012567065012324835,64,,,"{""avg_selector_time_ms"": 0.0, ""decision_count"": 0, ""max_B_t"": 0, ""max_K_t"": 0, ""mean_B_t"": 0.0, ""mean_K_t"": 0.0, ""min_B_t"": 0, ""min_K_t"": 0, ""selector_time_seconds"": 0.0}",full_dram,,,qmap/qmap_eval.py --config /home/likc/Q-former-for-OS/dataset/jsonl/finals_v3_official/canneal/B64/resolved_config.json --policy random --stage5_replay_seed 0 --json_output /home/likc/Q-former-for-OS/outputs/results/finals_v3_official/stage5_main/raw/canneal/random/seed_0.json,fc42c1a0a7575301beb59e1bb9f65ece8034be5033b5733022c6547000b89322,CAPD-MIC-1.0,"{""dram_read_cost"": 1.0, ""dram_write_cost"": 1.0, ""migration_cost"": 10.0, ""nvm_read_cost"": 2.0, ""nvm_write_cost"": 8.0}",fd9f3359900bdf868d9e985f967428aa6588c79b6d4944d08864b09cfbc51589,capd_finals_v3_official_data_v1,5986f7d63d4b81da33feb24a9c6a7d3db51c339d421e1322d4f80b7bc3249bdb,4053,,0.005093431449495256,none,64,empty,"{""B"": 64, ""D"": 64, ""H"": 10, ""Hc"": 256, ""K"": 8, ""L"": 256, ""Lres"": 256, ""approx_ndcg_alpha"": 10.0, ""artifact_class"": ""official"", ""contract_id"": ""CAPD-MIC-1.0"", ""dirty_demotion_nvm_write"": ""none"", ""dram_initial_state"": ""empty"", ""first_touch_accounting"": ""nvm_access"", ""initial_residency"": ""all_trace_pages_in_nvm"", ""lru_direction"": ""oldest_is_one"", ""nvm_capacity_pages"": null, ""page_oov"": ""unk"", ""page_state_dim"": 4, ""page_vocab_fit"": ""train_only"", ""pc_oov"": ""unk"", ""pc_vocab_fit"": ""train_only"", ""position_encoding"": ""sinusoidal"", ""run_profile"": ""official"", ""schema_version"": ""capd_finals_v3_0"", ""selector_recall_tie"": ""any_hit"", ""shared_page_embedding"": true, ""tail_policy"": ""drop_incomplete_window"", ""trace_page_backing"": ""all_trace_pages"", ""training_scope"": ""per_workload"", ""validation_guard_accesses"": 256, ""validation_holdout_fraction"": 0.2, ""validation_strategy"": ""independent_valid_trace""}",nvm_access,2bd07f29a639d54db5180b57651842ce95dd3014,0.979415,97.9415,195883,all_trace_pages_in_nvm,,,4053,4117,,random,,4019,98,random,0,0.0,0,official,0,COMPLETED,capd_finals_v3_0,,,33ee5f0f77966a23dfad7b07a1b50779a849fe27ed2da0a0d13b1a3adbb74686,"{""test"": ""3a5ecb35b4aec98a8fb470483ce0427d4da21ede1e3af387d9b7d61bccf6138e"", ""train"": ""4a98f01a328d2d86b680fde62818163ceb2403392f59676210ea22989c3b773f"", ""valid"": ""2805d4cf2a4d5d2051a0db3baf6ded3abf7d720f82eae3071f0746f4fcaee142""}",3a5ecb35b4aec98a8fb470483ce0427d4da21ede1e3af387d9b7d61bccf6138e,False,200000,all_trace_pages,dataset/processed/finals_v3_official/canneal/test.csv,245235.0,canneal,canneal
official,0.0012618184494883817,64,,,"{""avg_selector_time_ms"": 0.0, ""decision_count"": 0, ""max_B_t"": 0, ""max_K_t"": 0, ""mean_B_t"": 0.0, ""mean_K_t"": 0.0, ""min_B_t"": 0, ""min_K_t"": 0, ""selector_time_seconds"": 0.0}",full_dram,,,qmap/qmap_eval.py --config /home/likc/Q-former-for-OS/dataset/jsonl/finals_v3_official/canneal/B64/resolved_config.json --policy random --stage5_replay_seed 1 --json_output /home/likc/Q-former-for-OS/outputs/results/finals_v3_official/stage5_main/raw/canneal/random/seed_1.json,fc42c1a0a7575301beb59e1bb9f65ece8034be5033b5733022c6547000b89322,CAPD-MIC-1.0,"{""dram_read_cost"": 1.0, ""dram_write_cost"": 1.0, ""migration_cost"": 10.0, ""nvm_read_cost"": 2.0, ""nvm_write_cost"": 8.0}",fd9f3359900bdf868d9e985f967428aa6588c79b6d4944d08864b09cfbc51589,capd_finals_v3_official_data_v1,5986f7d63d4b81da33feb24a9c6a7d3db51c339d421e1322d4f80b7bc3249bdb,4045,,0.005104055628180504,none,64,empty,"{""B"": 64, ""D"": 64, ""H"": 10, ""Hc"": 256, ""K"": 8, ""L"": 256, ""Lres"": 256, ""approx_ndcg_alpha"": 10.0, ""artifact_class"": ""official"", ""contract_id"": ""CAPD-MIC-1.0"", ""dirty_demotion_nvm_write"": ""none"", ""dram_initial_state"": ""empty"", ""first_touch_accounting"": ""nvm_access"", ""initial_residency"": ""all_trace_pages_in_nvm"", ""lru_direction"": ""oldest_is_one"", ""nvm_capacity_pages"": null, ""page_oov"": ""unk"", ""page_state_dim"": 4, ""page_vocab_fit"": ""train_only"", ""pc_oov"": ""unk"", ""pc_vocab_fit"": ""train_only"", ""position_encoding"": ""sinusoidal"", ""run_profile"": ""official"", ""schema_version"": ""capd_finals_v3_0"", ""selector_recall_tie"": ""any_hit"", ""shared_page_embedding"": true, ""tail_policy"": ""drop_incomplete_window"", ""trace_page_backing"": ""all_trace_pages"", ""training_scope"": ""per_workload"", ""validation_guard_accesses"": 256, ""validation_holdout_fraction"": 0.2, ""validation_strategy"": ""independent_valid_trace""}",nvm_access,2bd07f29a639d54db5180b57651842ce95dd3014,0.979455,97.9455,195891,all_trace_pages_in_nvm,,,4045,4109,,random,,4005,104,random,0,0.0,1,official,1,COMPLETED,capd_finals_v3_0,,,33ee5f0f77966a23dfad7b07a1b50779a849fe27ed2da0a0d13b1a3adbb74686,"{""test"": ""3a5ecb35b4aec98a8fb470483ce0427d4da21ede1e3af387d9b7d61bccf6138e"", ""train"": ""4a98f01a328d2d86b680fde62818163ceb2403392f59676210ea22989c3b773f"", ""valid"": ""2805d4cf2a4d5d2051a0db3baf6ded3abf7d720f82eae3071f0746f4fcaee142""}",3a5ecb35b4aec98a8fb470483ce0427d4da21ede1e3af387d9b7d61bccf6138e,False,200000,all_trace_pages,dataset/processed/finals_v3_official/canneal/test.csv,245183.0,canneal,canneal
official,0.0013857440171077546,64,,,"{""avg_selector_time_ms"": 0.0, ""decision_count"": 0, ""max_B_t"": 0, ""max_K_t"": 0, ""mean_B_t"": 0.0, ""mean_K_t"": 0.0, ""min_B_t"": 0, ""min_K_t"": 0, ""selector_time_seconds"": 0.0}",full_dram,,,qmap/qmap_eval.py --config /home/likc/Q-former-for-OS/dataset/jsonl/finals_v3_official/canneal/B64/resolved_config.json --policy random --stage5_replay_seed 2 --json_output /home/likc/Q-former-for-OS/outputs/results/finals_v3_official/stage5_main/raw/canneal/random/seed_2.json,fc42c1a0a7575301beb59e1bb9f65ece8034be5033b5733022c6547000b89322,CAPD-MIC-1.0,"{""dram_read_cost"": 1.0, ""dram_write_cost"": 1.0, ""migration_cost"": 10.0, ""nvm_read_cost"": 2.0, ""nvm_write_cost"": 8.0}",fd9f3359900bdf868d9e985f967428aa6588c79b6d4944d08864b09cfbc51589,capd_finals_v3_official_data_v1,5986f7d63d4b81da33feb24a9c6a7d3db51c339d421e1322d4f80b7bc3249bdb,4058,,0.005623349221423268,none,64,empty,"{""B"": 64, ""D"": 64, ""H"": 10, ""Hc"": 256, ""K"": 8, ""L"": 256, ""Lres"": 256, ""approx_ndcg_alpha"": 10.0, ""artifact_class"": ""official"", ""contract_id"": ""CAPD-MIC-1.0"", ""dirty_demotion_nvm_write"": ""none"", ""dram_initial_state"": ""empty"", ""first_touch_accounting"": ""nvm_access"", ""initial_residency"": ""all_trace_pages_in_nvm"", ""lru_direction"": ""oldest_is_one"", ""nvm_capacity_pages"": null, ""page_oov"": ""unk"", ""page_state_dim"": 4, ""page_vocab_fit"": ""train_only"", ""pc_oov"": ""unk"", ""pc_vocab_fit"": ""train_only"", ""position_encoding"": ""sinusoidal"", ""run_profile"": ""official"", ""schema_version"": ""capd_finals_v3_0"", ""selector_recall_tie"": ""any_hit"", ""shared_page_embedding"": true, ""tail_policy"": ""drop_incomplete_window"", ""trace_page_backing"": ""all_trace_pages"", ""training_scope"": ""per_workload"", ""validation_guard_accesses"": 256, ""validation_holdout_fraction"": 0.2, ""validation_strategy"": ""independent_valid_trace""}",nvm_access,2bd07f29a639d54db5180b57651842ce95dd3014,0.97939,97.939,195878,all_trace_pages_in_nvm,,,4058,4122,,random,,4024,98,random,0,0.0,2,official,2,COMPLETED,capd_finals_v3_0,,,33ee5f0f77966a23dfad7b07a1b50779a849fe27ed2da0a0d13b1a3adbb74686,"{""test"": ""3a5ecb35b4aec98a8fb470483ce0427d4da21ede1e3af387d9b7d61bccf6138e"", ""train"": ""4a98f01a328d2d86b680fde62818163ceb2403392f59676210ea22989c3b773f"", ""valid"": ""2805d4cf2a4d5d2051a0db3baf6ded3abf7d720f82eae3071f0746f4fcaee142""}",3a5ecb35b4aec98a8fb470483ce0427d4da21ede1e3af387d9b7d61bccf6138e,False,200000,all_trace_pages,dataset/processed/finals_v3_official/canneal/test.csv,245290.0,canneal,canneal
official,0.0003038326416022404,64,,,"{""avg_selector_time_ms"": 0.0, ""decision_count"": 0, ""max_B_t"": 0, ""max_K_t"": 0, ""mean_B_t"": 0.0, ""mean_K_t"": 0.0, ""min_B_t"": 0, ""min_K_t"": 0, ""selector_time_seconds"": 0.0}",full_dram,,,qmap/qmap_eval.py --config /home/likc/Q-former-for-OS/dataset/jsonl/finals_v3_official/canneal/B64/resolved_config.json --policy lru --json_output /home/likc/Q-former-for-OS/outputs/results/finals_v3_official/stage5_main/raw/canneal/lru/run.json,fc42c1a0a7575301beb59e1bb9f65ece8034be5033b5733022c6547000b89322,CAPD-MIC-1.0,"{""dram_read_cost"": 1.0, ""dram_write_cost"": 1.0, ""migration_cost"": 10.0, ""nvm_read_cost"": 2.0, ""nvm_write_cost"": 8.0}",fd9f3359900bdf868d9e985f967428aa6588c79b6d4944d08864b09cfbc51589,capd_finals_v3_official_data_v1,5986f7d63d4b81da33feb24a9c6a7d3db51c339d421e1322d4f80b7bc3249bdb,2462,,0.0007480359636247158,none,64,empty,"{""B"": 64, ""D"": 64, ""H"": 10, ""Hc"": 256, ""K"": 8, ""L"": 256, ""Lres"": 256, ""approx_ndcg_alpha"": 10.0, ""artifact_class"": ""official"", ""contract_id"": ""CAPD-MIC-1.0"", ""dirty_demotion_nvm_write"": ""none"", ""dram_initial_state"": ""empty"", ""first_touch_accounting"": ""nvm_access"", ""initial_residency"": ""all_trace_pages_in_nvm"", ""lru_direction"": ""oldest_is_one"", ""nvm_capacity_pages"": null, ""page_oov"": ""unk"", ""page_state_dim"": 4, ""page_vocab_fit"": ""train_only"", ""pc_oov"": ""unk"", ""pc_vocab_fit"": ""train_only"", ""position_encoding"": ""sinusoidal"", ""run_profile"": ""official"", ""schema_version"": ""capd_finals_v3_0"", ""selector_recall_tie"": ""any_hit"", ""shared_page_embedding"": true, ""tail_policy"": ""drop_incomplete_window"", ""trace_page_backing"": ""all_trace_pages"", ""training_scope"": ""per_workload"", ""validation_guard_accesses"": 256, ""validation_holdout_fraction"": 0.2, ""validation_strategy"": ""independent_valid_trace""}",nvm_access,2bd07f29a639d54db5180b57651842ce95dd3014,0.98737,98.737,197474,all_trace_pages_in_nvm,,,2462,2526,,lru,,2510,16,lru,0,0.0,0,official,0,COMPLETED,capd_finals_v3_0,,,33ee5f0f77966a23dfad7b07a1b50779a849fe27ed2da0a0d13b1a3adbb74686,"{""test"": ""3a5ecb35b4aec98a8fb470483ce0427d4da21ede1e3af387d9b7d61bccf6138e"", ""train"": ""4a98f01a328d2d86b680fde62818163ceb2403392f59676210ea22989c3b773f"", ""valid"": ""2805d4cf2a4d5d2051a0db3baf6ded3abf7d720f82eae3071f0746f4fcaee142""}",3a5ecb35b4aec98a8fb470483ce0427d4da21ede1e3af387d9b7d61bccf6138e,False,200000,all_trace_pages,dataset/processed/finals_v3_official/canneal/test.csv,227242.0,canneal,canneal
official,0.020483272334065203,64,,,"{""avg_selector_time_ms"": 0.0, ""decision_count"": 0, ""max_B_t"": 0, ""max_K_t"": 0, ""mean_B_t"": 0.0, ""mean_K_t"": 0.0, ""min_B_t"": 0, ""min_K_t"": 0, ""selector_time_seconds"": 0.0}",full_dram,,,qmap/qmap_eval.py --config /home/likc/Q-former-for-OS/dataset/jsonl/finals_v3_official/canneal/B64/resolved_config.json --policy lfu --json_output /home/likc/Q-former-for-OS/outputs/results/finals_v3_official/stage5_main/raw/canneal/lfu/run.json,fc42c1a0a7575301beb59e1bb9f65ece8034be5033b5733022c6547000b89322,CAPD-MIC-1.0,"{""dram_read_cost"": 1.0, ""dram_write_cost"": 1.0, ""migration_cost"": 10.0, ""nvm_read_cost"": 2.0, ""nvm_write_cost"": 8.0}",fd9f3359900bdf868d9e985f967428aa6588c79b6d4944d08864b09cfbc51589,capd_finals_v3_official_data_v1,5986f7d63d4b81da33feb24a9c6a7d3db51c339d421e1322d4f80b7bc3249bdb,5687,,0.11648836976382881,none,64,empty,"{""B"": 64, ""D"": 64, ""H"": 10, ""Hc"": 256, ""K"": 8, ""L"": 256, ""Lres"": 256, ""approx_ndcg_alpha"": 10.0, ""artifact_class"": ""official"", ""contract_id"": ""CAPD-MIC-1.0"", ""dirty_demotion_nvm_write"": ""none"", ""dram_initial_state"": ""empty"", ""first_touch_accounting"": ""nvm_access"", ""initial_residency"": ""all_trace_pages_in_nvm"", ""lru_direction"": ""oldest_is_one"", ""nvm_capacity_pages"": null, ""page_oov"": ""unk"", ""page_state_dim"": 4, ""page_vocab_fit"": ""train_only"", ""pc_oov"": ""unk"", ""pc_vocab_fit"": ""train_only"", ""position_encoding"": ""sinusoidal"", ""run_profile"": ""official"", ""schema_version"": ""capd_finals_v3_0"", ""selector_recall_tie"": ""any_hit"", ""shared_page_embedding"": true, ""tail_policy"": ""drop_incomplete_window"", ""trace_page_backing"": ""all_trace_pages"", ""training_scope"": ""per_workload"", ""validation_guard_accesses"": 256, ""validation_holdout_fraction"": 0.2, ""validation_strategy"": ""independent_valid_trace""}",nvm_access,2bd07f29a639d54db5180b57651842ce95dd3014,0.971245,97.1245,194249,all_trace_pages_in_nvm,,,5687,5751,,lfu,,5089,662,lfu,0,0.0,0,official,0,COMPLETED,capd_finals_v3_0,,,33ee5f0f77966a23dfad7b07a1b50779a849fe27ed2da0a0d13b1a3adbb74686,"{""test"": ""3a5ecb35b4aec98a8fb470483ce0427d4da21ede1e3af387d9b7d61bccf6138e"", ""train"": ""4a98f01a328d2d86b680fde62818163ceb2403392f59676210ea22989c3b773f"", ""valid"": ""2805d4cf2a4d5d2051a0db3baf6ded3abf7d720f82eae3071f0746f4fcaee142""}",3a5ecb35b4aec98a8fb470483ce0427d4da21ede1e3af387d9b7d61bccf6138e,False,200000,all_trace_pages,dataset/processed/finals_v3_official/canneal/test.csv,266593.0,canneal,canneal
official,0.0015361877158284187,64,,,"{""avg_selector_time_ms"": 0.0, ""decision_count"": 0, ""max_B_t"": 0, ""max_K_t"": 0, ""mean_B_t"": 0.0, ""mean_K_t"": 0.0, ""min_B_t"": 0, ""min_K_t"": 0, ""selector_time_seconds"": 0.0}",full_dram,,,qmap/qmap_eval.py --config /home/likc/Q-former-for-OS/dataset/jsonl/finals_v3_official/canneal/B64/resolved_config.json --policy clock --json_output /home/likc/Q-former-for-OS/outputs/results/finals_v3_official/stage5_main/raw/canneal/clock/run.json,fc42c1a0a7575301beb59e1bb9f65ece8034be5033b5733022c6547000b89322,CAPD-MIC-1.0,"{""dram_read_cost"": 1.0, ""dram_write_cost"": 1.0, ""migration_cost"": 10.0, ""nvm_read_cost"": 2.0, ""nvm_write_cost"": 8.0}",fd9f3359900bdf868d9e985f967428aa6588c79b6d4944d08864b09cfbc51589,capd_finals_v3_official_data_v1,5986f7d63d4b81da33feb24a9c6a7d3db51c339d421e1322d4f80b7bc3249bdb,3000,,0.004608563147485256,none,64,empty,"{""B"": 64, ""D"": 64, ""H"": 10, ""Hc"": 256, ""K"": 8, ""L"": 256, ""Lres"": 256, ""approx_ndcg_alpha"": 10.0, ""artifact_class"": ""official"", ""contract_id"": ""CAPD-MIC-1.0"", ""dirty_demotion_nvm_write"": ""none"", ""dram_initial_state"": ""empty"", ""first_touch_accounting"": ""nvm_access"", ""initial_residency"": ""all_trace_pages_in_nvm"", ""lru_direction"": ""oldest_is_one"", ""nvm_capacity_pages"": null, ""page_oov"": ""unk"", ""page_state_dim"": 4, ""page_vocab_fit"": ""train_only"", ""pc_oov"": ""unk"", ""pc_vocab_fit"": ""train_only"", ""position_encoding"": ""sinusoidal"", ""run_profile"": ""official"", ""schema_version"": ""capd_finals_v3_0"", ""selector_recall_tie"": ""any_hit"", ""shared_page_embedding"": true, ""tail_policy"": ""drop_incomplete_window"", ""trace_page_backing"": ""all_trace_pages"", ""training_scope"": ""per_workload"", ""validation_guard_accesses"": 256, ""validation_holdout_fraction"": 0.2, ""validation_strategy"": ""independent_valid_trace""}",nvm_access,2bd07f29a639d54db5180b57651842ce95dd3014,0.98468,98.468,196936,all_trace_pages_in_nvm,,,3000,3064,,clock,,3043,21,clock,0,0.0,0,official,0,COMPLETED,capd_finals_v3_0,,,33ee5f0f77966a23dfad7b07a1b50779a849fe27ed2da0a0d13b1a3adbb74686,"{""test"": ""3a5ecb35b4aec98a8fb470483ce0427d4da21ede1e3af387d9b7d61bccf6138e"", ""train"": ""4a98f01a328d2d86b680fde62818163ceb2403392f59676210ea22989c3b773f"", ""valid"": ""2805d4cf2a4d5d2051a0db3baf6ded3abf7d720f82eae3071f0746f4fcaee142""}",3a5ecb35b4aec98a8fb470483ce0427d4da21ede1e3af387d9b7d61bccf6138e,False,200000,all_trace_pages,dataset/processed/finals_v3_official/canneal/test.csv,233190.0,canneal,canneal
official,0.06691799160578275,8,,,"{""avg_selector_time_ms"": 0.0, ""decision_count"": 0, ""max_B_t"": 0, ""max_K_t"": 0, ""mean_B_t"": 0.0, ""mean_K_t"": 0.0, ""min_B_t"": 0, ""min_K_t"": 0, ""selector_time_seconds"": 0.0}",native_lru_tail_8,,,qmap/qmap_eval.py --config /home/likc/Q-former-for-OS/dataset/jsonl/finals_v3_official/canneal/B64/resolved_config.json --policy kleio_lite --learned_model /home/likc/Q-former-for-OS/outputs/results/finals_v3_official/stage5_learned_baselines/models/canneal/kleio_lite.json --json_output /home/likc/Q-former-for-OS/outputs/results/finals_v3_official/stage5_learned_baselines/raw/canneal/kleio_lite.json,fc42c1a0a7575301beb59e1bb9f65ece8034be5033b5733022c6547000b89322,CAPD-MIC-1.0,"{""dram_read_cost"": 1.0, ""dram_write_cost"": 1.0, ""migration_cost"": 10.0, ""nvm_read_cost"": 2.0, ""nvm_write_cost"": 8.0}",fd9f3359900bdf868d9e985f967428aa6588c79b6d4944d08864b09cfbc51589,capd_finals_v3_official_data_v1,5986f7d63d4b81da33feb24a9c6a7d3db51c339d421e1322d4f80b7bc3249bdb,2311,,0.15464747860096395,none,64,empty,"{""B"": 64, ""D"": 64, ""H"": 10, ""Hc"": 256, ""K"": 8, ""L"": 256, ""Lres"": 256, ""approx_ndcg_alpha"": 10.0, ""artifact_class"": ""official"", ""contract_id"": ""CAPD-MIC-1.0"", ""dirty_demotion_nvm_write"": ""none"", ""dram_initial_state"": ""empty"", ""first_touch_accounting"": ""nvm_access"", ""initial_residency"": ""all_trace_pages_in_nvm"", ""lru_direction"": ""oldest_is_one"", ""nvm_capacity_pages"": null, ""page_oov"": ""unk"", ""page_state_dim"": 4, ""page_vocab_fit"": ""train_only"", ""pc_oov"": ""unk"", ""pc_vocab_fit"": ""train_only"", ""position_encoding"": ""sinusoidal"", ""run_profile"": ""official"", ""schema_version"": ""capd_finals_v3_0"", ""selector_recall_tie"": ""any_hit"", ""shared_page_embedding"": true, ""tail_policy"": ""drop_incomplete_window"", ""trace_page_backing"": ""all_trace_pages"", ""training_scope"": ""per_workload"", ""validation_guard_accesses"": 256, ""validation_holdout_fraction"": 0.2, ""validation_strategy"": ""independent_valid_trace""}",nvm_access,2bd07f29a639d54db5180b57651842ce95dd3014,0.988125,98.8125,197625,all_trace_pages_in_nvm,/home/likc/Q-former-for-OS/outputs/results/finals_v3_official/stage5_learned_baselines/models/canneal/kleio_lite.json,499bec28216059b3c5d4b8ee8bb64ef1792b05625ee4be45502934b1aee42010,2311,2375,,kleio_lite,,2359,16,kleio_lite,0,0.0,0,official,0,COMPLETED,capd_finals_v3_0,,,33ee5f0f77966a23dfad7b07a1b50779a849fe27ed2da0a0d13b1a3adbb74686,"{""test"": ""3a5ecb35b4aec98a8fb470483ce0427d4da21ede1e3af387d9b7d61bccf6138e"", ""train"": ""4a98f01a328d2d86b680fde62818163ceb2403392f59676210ea22989c3b773f"", ""valid"": ""2805d4cf2a4d5d2051a0db3baf6ded3abf7d720f82eae3071f0746f4fcaee142""}",3a5ecb35b4aec98a8fb470483ce0427d4da21ede1e3af387d9b7d61bccf6138e,False,200000,all_trace_pages,dataset/processed/finals_v3_official/canneal/test.csv,225581.0,canneal,canneal
official,0.12715674510740854,8,,,"{""avg_selector_time_ms"": 0.0, ""decision_count"": 0, ""max_B_t"": 0, ""max_K_t"": 0, ""mean_B_t"": 0.0, ""mean_K_t"": 0.0, ""min_B_t"": 0, ""min_K_t"": 0, ""selector_time_seconds"": 0.0}",native_lru_tail_8,,,qmap/qmap_eval.py --config /home/likc/Q-former-for-OS/dataset/jsonl/finals_v3_official/canneal/B64/resolved_config.json --policy patterns_lite --learned_model /home/likc/Q-former-for-OS/outputs/results/finals_v3_official/stage5_learned_baselines/models/canneal/patterns_lite.json --json_output /home/likc/Q-former-for-OS/outputs/results/finals_v3_official/stage5_learned_baselines/raw/canneal/patterns_lite.json,fc42c1a0a7575301beb59e1bb9f65ece8034be5033b5733022c6547000b89322,CAPD-MIC-1.0,"{""dram_read_cost"": 1.0, ""dram_write_cost"": 1.0, ""migration_cost"": 10.0, ""nvm_read_cost"": 2.0, ""nvm_write_cost"": 8.0}",fd9f3359900bdf868d9e985f967428aa6588c79b6d4944d08864b09cfbc51589,capd_finals_v3_official_data_v1,5986f7d63d4b81da33feb24a9c6a7d3db51c339d421e1322d4f80b7bc3249bdb,2350,,0.29881835100241005,none,64,empty,"{""B"": 64, ""D"": 64, ""H"": 10, ""Hc"": 256, ""K"": 8, ""L"": 256, ""Lres"": 256, ""approx_ndcg_alpha"": 10.0, ""artifact_class"": ""official"", ""contract_id"": ""CAPD-MIC-1.0"", ""dirty_demotion_nvm_write"": ""none"", ""dram_initial_state"": ""empty"", ""first_touch_accounting"": ""nvm_access"", ""initial_residency"": ""all_trace_pages_in_nvm"", ""lru_direction"": ""oldest_is_one"", ""nvm_capacity_pages"": null, ""page_oov"": ""unk"", ""page_state_dim"": 4, ""page_vocab_fit"": ""train_only"", ""pc_oov"": ""unk"", ""pc_vocab_fit"": ""train_only"", ""position_encoding"": ""sinusoidal"", ""run_profile"": ""official"", ""schema_version"": ""capd_finals_v3_0"", ""selector_recall_tie"": ""any_hit"", ""shared_page_embedding"": true, ""tail_policy"": ""drop_incomplete_window"", ""trace_page_backing"": ""all_trace_pages"", ""training_scope"": ""per_workload"", ""validation_guard_accesses"": 256, ""validation_holdout_fraction"": 0.2, ""validation_strategy"": ""independent_valid_trace""}",nvm_access,2bd07f29a639d54db5180b57651842ce95dd3014,0.98793,98.79299999999999,197586,all_trace_pages_in_nvm,/home/likc/Q-former-for-OS/outputs/results/finals_v3_official/stage5_learned_baselines/models/canneal/patterns_lite.json,a2554073e1328aedab75eb34cc0be1d54b6eed79b209a695100856f1d5a29386,2350,2414,,patterns_lite,,2398,16,patterns_lite,0,0.0,0,official,0,COMPLETED,capd_finals_v3_0,,,33ee5f0f77966a23dfad7b07a1b50779a849fe27ed2da0a0d13b1a3adbb74686,"{""test"": ""3a5ecb35b4aec98a8fb470483ce0427d4da21ede1e3af387d9b7d61bccf6138e"", ""train"": ""4a98f01a328d2d86b680fde62818163ceb2403392f59676210ea22989c3b773f"", ""valid"": ""2805d4cf2a4d5d2051a0db3baf6ded3abf7d720f82eae3071f0746f4fcaee142""}",3a5ecb35b4aec98a8fb470483ce0427d4da21ede1e3af387d9b7d61bccf6138e,False,200000,all_trace_pages,dataset/processed/finals_v3_official/canneal/test.csv,226010.0,canneal,canneal
official,3.3840182807418544,8,valid_trace,"{""EndToEndRecall@K"": 1.0, ""NRegret"": 0.0, ""PoolRecall@B"": 1.0, ""SelectorRecall@K"": 1.0, ""TieCoverage@K"": 0.13847586671977324}","{""avg_selector_time_ms"": 0.4186477471723659, ""decision_count"": 2778, ""max_B_t"": 64, ""max_K_t"": 8, ""mean_B_t"": 64.0, ""mean_K_t"": 8.0, ""min_B_t"": 64, ""min_K_t"": 8, ""selector_time_seconds"": 1.1630034416448325}",capd_selector_B_to_K,/home/likc/Q-former-for-OS/outputs/checkpoints/finals_v3_official/stage4_reranker/streamcluster_pressure/seed_3136859/qmap_best.pth,70e0e8339de2197e6869c162583719ae84a94380403ab6fba2f182ced4c7d08a,qmap/qmap_eval.py --config /home/likc/Q-former-for-OS/dataset/jsonl/finals_v3_official/streamcluster_pressure/B64/resolved_config.json --selector_params /home/likc/Q-former-for-OS/dataset/jsonl/finals_v3_official/streamcluster_pressure/B64/selector_params.json --policy qmap --checkpoint /home/likc/Q-former-for-OS/outputs/checkpoints/finals_v3_official/stage4_reranker/streamcluster_pressure/seed_3136859/qmap_best.pth --json_output /home/likc/Q-former-for-OS/outputs/results/finals_v3_official/stage5_main/raw/streamcluster_pressure/qmap/seed_3136859.json,44a24bbe43a14f19162882f7251adae9ef4f4a920781bb1cad567814035f4b40,CAPD-MIC-1.0,"{""dram_read_cost"": 1.0, ""dram_write_cost"": 1.0, ""migration_cost"": 10.0, ""nvm_read_cost"": 2.0, ""nvm_write_cost"": 8.0}",fd9f3359900bdf868d9e985f967428aa6588c79b6d4944d08864b09cfbc51589,capd_finals_v3_official_data_v1,2b31c00b19945884a09cc6fc8f3d451aad73f0d03b98a350ef540960609ea2c4,2778,,9.400802783900872,none,64,empty,"{""B"": 64, ""D"": 64, ""H"": 10, ""Hc"": 256, ""K"": 8, ""L"": 256, ""Lres"": 256, ""approx_ndcg_alpha"": 10.0, ""artifact_class"": ""official"", ""contract_id"": ""CAPD-MIC-1.0"", ""dirty_demotion_nvm_write"": ""none"", ""dram_initial_state"": ""empty"", ""first_touch_accounting"": ""nvm_access"", ""initial_residency"": ""all_trace_pages_in_nvm"", ""lru_direction"": ""oldest_is_one"", ""nvm_capacity_pages"": null, ""page_oov"": ""unk"", ""page_state_dim"": 4, ""page_vocab_fit"": ""train_only"", ""pc_oov"": ""unk"", ""pc_vocab_fit"": ""train_only"", ""position_encoding"": ""sinusoidal"", ""run_profile"": ""official"", ""schema_version"": ""capd_finals_v3_0"", ""selector_recall_tie"": ""any_hit"", ""shared_page_embedding"": true, ""tail_policy"": ""drop_incomplete_window"", ""trace_page_backing"": ""all_trace_pages"", ""training_scope"": ""per_workload"", ""validation_guard_accesses"": 256, ""validation_holdout_fraction"": 0.2, ""validation_strategy"": ""independent_valid_trace""}",nvm_access,2bd07f29a639d54db5180b57651842ce95dd3014,0.98579,98.57900000000001,197158,all_trace_pages_in_nvm,,,2778,2842,3136859,qmap,,2841,1,qmap,0,0.0,0,official,3136859,COMPLETED,capd_finals_v3_0,243d0494246e8a1dd9ef36cf5e1d290b2772c2ee0b919b20d7d86ea0d43925b8,/home/likc/Q-former-for-OS/dataset/jsonl/finals_v3_official/streamcluster_pressure/B64/selector_params.json,d12c5e2507c333421709ab37c1d555e50426674e3853c88759c2d44237c70235,"{""test"": ""7620aef325310ef88b78b935ed6818bba5f6c0cfdadf624f1f9aad9570ac62d7"", ""train"": ""a04bbff36eccb0091d933efd69a390c150114d67bc6644f3dbdf0991897f252d"", ""valid"": ""e7d875df6e1247bd71320d4b9e1c3e2a3e029a33dce94ad109d8289342951774""}",7620aef325310ef88b78b935ed6818bba5f6c0cfdadf624f1f9aad9570ac62d7,False,200000,all_trace_pages,dataset/processed/finals_v3_official/streamcluster_pressure/test.csv,230628.0,streamcluster_pressure,streamcluster_pressure
official,3.4262033144536423,8,valid_trace,"{""EndToEndRecall@K"": 1.0, ""NRegret"": 0.0, ""PoolRecall@B"": 1.0, ""SelectorRecall@K"": 1.0, ""TieCoverage@K"": 0.13847586671977324}","{""avg_selector_time_ms"": 0.40953334282964327, ""decision_count"": 2778, ""max_B_t"": 64, ""max_K_t"": 8, ""mean_B_t"": 64.0, ""mean_K_t"": 8.0, ""min_B_t"": 64, ""min_K_t"": 8, ""selector_time_seconds"": 1.137683626380749}",capd_selector_B_to_K,/home/likc/Q-former-for-OS/outputs/checkpoints/finals_v3_official/stage4_reranker/streamcluster_pressure/seed_42/qmap_best.pth,73ba79a6be5d1581436a0edb8790b890602b23f19914134e1b417da3e9affd79,qmap/qmap_eval.py --config /home/likc/Q-former-for-OS/dataset/jsonl/finals_v3_official/streamcluster_pressure/B64/resolved_config.json --selector_params /home/likc/Q-former-for-OS/dataset/jsonl/finals_v3_official/streamcluster_pressure/B64/selector_params.json --policy qmap --checkpoint /home/likc/Q-former-for-OS/outputs/checkpoints/finals_v3_official/stage4_reranker/streamcluster_pressure/seed_42/qmap_best.pth --json_output /home/likc/Q-former-for-OS/outputs/results/finals_v3_official/stage5_main/raw/streamcluster_pressure/qmap/seed_42.json,44a24bbe43a14f19162882f7251adae9ef4f4a920781bb1cad567814035f4b40,CAPD-MIC-1.0,"{""dram_read_cost"": 1.0, ""dram_write_cost"": 1.0, ""migration_cost"": 10.0, ""nvm_read_cost"": 2.0, ""nvm_write_cost"": 8.0}",fd9f3359900bdf868d9e985f967428aa6588c79b6d4944d08864b09cfbc51589,capd_finals_v3_official_data_v1,2b31c00b19945884a09cc6fc8f3d451aad73f0d03b98a350ef540960609ea2c4,2778,,9.517992807552218,none,64,empty,"{""B"": 64, ""D"": 64, ""H"": 10, ""Hc"": 256, ""K"": 8, ""L"": 256, ""Lres"": 256, ""approx_ndcg_alpha"": 10.0, ""artifact_class"": ""official"", ""contract_id"": ""CAPD-MIC-1.0"", ""dirty_demotion_nvm_write"": ""none"", ""dram_initial_state"": ""empty"", ""first_touch_accounting"": ""nvm_access"", ""initial_residency"": ""all_trace_pages_in_nvm"", ""lru_direction"": ""oldest_is_one"", ""nvm_capacity_pages"": null, ""page_oov"": ""unk"", ""page_state_dim"": 4, ""page_vocab_fit"": ""train_only"", ""pc_oov"": ""unk"", ""pc_vocab_fit"": ""train_only"", ""position_encoding"": ""sinusoidal"", ""run_profile"": ""official"", ""schema_version"": ""capd_finals_v3_0"", ""selector_recall_tie"": ""any_hit"", ""shared_page_embedding"": true, ""tail_policy"": ""drop_incomplete_window"", ""trace_page_backing"": ""all_trace_pages"", ""training_scope"": ""per_workload"", ""validation_guard_accesses"": 256, ""validation_holdout_fraction"": 0.2, ""validation_strategy"": ""independent_valid_trace""}",nvm_access,2bd07f29a639d54db5180b57651842ce95dd3014,0.98579,98.57900000000001,197158,all_trace_pages_in_nvm,,,2778,2842,42,qmap,,2841,1,qmap,0,0.0,0,official,42,COMPLETED,capd_finals_v3_0,243d0494246e8a1dd9ef36cf5e1d290b2772c2ee0b919b20d7d86ea0d43925b8,/home/likc/Q-former-for-OS/dataset/jsonl/finals_v3_official/streamcluster_pressure/B64/selector_params.json,d12c5e2507c333421709ab37c1d555e50426674e3853c88759c2d44237c70235,"{""test"": ""7620aef325310ef88b78b935ed6818bba5f6c0cfdadf624f1f9aad9570ac62d7"", ""train"": ""a04bbff36eccb0091d933efd69a390c150114d67bc6644f3dbdf0991897f252d"", ""valid"": ""e7d875df6e1247bd71320d4b9e1c3e2a3e029a33dce94ad109d8289342951774""}",7620aef325310ef88b78b935ed6818bba5f6c0cfdadf624f1f9aad9570ac62d7,False,200000,all_trace_pages,dataset/processed/finals_v3_official/streamcluster_pressure/test.csv,230628.0,streamcluster_pressure,streamcluster_pressure
official,3.396278490963452,8,valid_trace,"{""EndToEndRecall@K"": 1.0, ""NRegret"": 0.0, ""PoolRecall@B"": 1.0, ""SelectorRecall@K"": 1.0, ""TieCoverage@K"": 0.13847586671977324}","{""avg_selector_time_ms"": 0.417884300143409, ""decision_count"": 2778, ""max_B_t"": 64, ""max_K_t"": 8, ""mean_B_t"": 64.0, ""mean_K_t"": 8.0, ""min_B_t"": 64, ""min_K_t"": 8, ""selector_time_seconds"": 1.1608825857983902}",capd_selector_B_to_K,/home/likc/Q-former-for-OS/outputs/checkpoints/finals_v3_official/stage4_reranker/streamcluster_pressure/seed_2026/qmap_best.pth,580bfef20093ee3103af46780017c4e4c7aee00e6b59f0c1c3c9086c80a42157,qmap/qmap_eval.py --config /home/likc/Q-former-for-OS/dataset/jsonl/finals_v3_official/streamcluster_pressure/B64/resolved_config.json --selector_params /home/likc/Q-former-for-OS/dataset/jsonl/finals_v3_official/streamcluster_pressure/B64/selector_params.json --policy qmap --checkpoint /home/likc/Q-former-for-OS/outputs/checkpoints/finals_v3_official/stage4_reranker/streamcluster_pressure/seed_2026/qmap_best.pth --json_output /home/likc/Q-former-for-OS/outputs/results/finals_v3_official/stage5_main/raw/streamcluster_pressure/qmap/seed_2026.json,44a24bbe43a14f19162882f7251adae9ef4f4a920781bb1cad567814035f4b40,CAPD-MIC-1.0,"{""dram_read_cost"": 1.0, ""dram_write_cost"": 1.0, ""migration_cost"": 10.0, ""nvm_read_cost"": 2.0, ""nvm_write_cost"": 8.0}",fd9f3359900bdf868d9e985f967428aa6588c79b6d4944d08864b09cfbc51589,capd_finals_v3_official_data_v1,2b31c00b19945884a09cc6fc8f3d451aad73f0d03b98a350ef540960609ea2c4,2778,,9.434861647896469,none,64,empty,"{""B"": 64, ""D"": 64, ""H"": 10, ""Hc"": 256, ""K"": 8, ""L"": 256, ""Lres"": 256, ""approx_ndcg_alpha"": 10.0, ""artifact_class"": ""official"", ""contract_id"": ""CAPD-MIC-1.0"", ""dirty_demotion_nvm_write"": ""none"", ""dram_initial_state"": ""empty"", ""first_touch_accounting"": ""nvm_access"", ""initial_residency"": ""all_trace_pages_in_nvm"", ""lru_direction"": ""oldest_is_one"", ""nvm_capacity_pages"": null, ""page_oov"": ""unk"", ""page_state_dim"": 4, ""page_vocab_fit"": ""train_only"", ""pc_oov"": ""unk"", ""pc_vocab_fit"": ""train_only"", ""position_encoding"": ""sinusoidal"", ""run_profile"": ""official"", ""schema_version"": ""capd_finals_v3_0"", ""selector_recall_tie"": ""any_hit"", ""shared_page_embedding"": true, ""tail_policy"": ""drop_incomplete_window"", ""trace_page_backing"": ""all_trace_pages"", ""training_scope"": ""per_workload"", ""validation_guard_accesses"": 256, ""validation_holdout_fraction"": 0.2, ""validation_strategy"": ""independent_valid_trace""}",nvm_access,2bd07f29a639d54db5180b57651842ce95dd3014,0.98579,98.57900000000001,197158,all_trace_pages_in_nvm,,,2778,2842,2026,qmap,,2841,1,qmap,0,0.0,0,official,2026,COMPLETED,capd_finals_v3_0,243d0494246e8a1dd9ef36cf5e1d290b2772c2ee0b919b20d7d86ea0d43925b8,/home/likc/Q-former-for-OS/dataset/jsonl/finals_v3_official/streamcluster_pressure/B64/selector_params.json,d12c5e2507c333421709ab37c1d555e50426674e3853c88759c2d44237c70235,"{""test"": ""7620aef325310ef88b78b935ed6818bba5f6c0cfdadf624f1f9aad9570ac62d7"", ""train"": ""a04bbff36eccb0091d933efd69a390c150114d67bc6644f3dbdf0991897f252d"", ""valid"": ""e7d875df6e1247bd71320d4b9e1c3e2a3e029a33dce94ad109d8289342951774""}",7620aef325310ef88b78b935ed6818bba5f6c0cfdadf624f1f9aad9570ac62d7,False,200000,all_trace_pages,dataset/processed/finals_v3_official/streamcluster_pressure/test.csv,230628.0,streamcluster_pressure,streamcluster_pressure
official,0.001261234536204254,64,,,"{""avg_selector_time_ms"": 0.0, ""decision_count"": 0, ""max_B_t"": 0, ""max_K_t"": 0, ""mean_B_t"": 0.0, ""mean_K_t"": 0.0, ""min_B_t"": 0, ""min_K_t"": 0, ""selector_time_seconds"": 0.0}",full_dram,,,qmap/qmap_eval.py --config /home/likc/Q-former-for-OS/dataset/jsonl/finals_v3_official/streamcluster_pressure/B64/resolved_config.json --policy random --stage5_replay_seed 0 --json_output /home/likc/Q-former-for-OS/outputs/results/finals_v3_official/stage5_main/raw/streamcluster_pressure/random/seed_0.json,44a24bbe43a14f19162882f7251adae9ef4f4a920781bb1cad567814035f4b40,CAPD-MIC-1.0,"{""dram_read_cost"": 1.0, ""dram_write_cost"": 1.0, ""migration_cost"": 10.0, ""nvm_read_cost"": 2.0, ""nvm_write_cost"": 8.0}",fd9f3359900bdf868d9e985f967428aa6588c79b6d4944d08864b09cfbc51589,capd_finals_v3_official_data_v1,2b31c00b19945884a09cc6fc8f3d451aad73f0d03b98a350ef540960609ea2c4,3482,,0.004391618655063212,none,64,empty,"{""B"": 64, ""D"": 64, ""H"": 10, ""Hc"": 256, ""K"": 8, ""L"": 256, ""Lres"": 256, ""approx_ndcg_alpha"": 10.0, ""artifact_class"": ""official"", ""contract_id"": ""CAPD-MIC-1.0"", ""dirty_demotion_nvm_write"": ""none"", ""dram_initial_state"": ""empty"", ""first_touch_accounting"": ""nvm_access"", ""initial_residency"": ""all_trace_pages_in_nvm"", ""lru_direction"": ""oldest_is_one"", ""nvm_capacity_pages"": null, ""page_oov"": ""unk"", ""page_state_dim"": 4, ""page_vocab_fit"": ""train_only"", ""pc_oov"": ""unk"", ""pc_vocab_fit"": ""train_only"", ""position_encoding"": ""sinusoidal"", ""run_profile"": ""official"", ""schema_version"": ""capd_finals_v3_0"", ""selector_recall_tie"": ""any_hit"", ""shared_page_embedding"": true, ""tail_policy"": ""drop_incomplete_window"", ""trace_page_backing"": ""all_trace_pages"", ""training_scope"": ""per_workload"", ""validation_guard_accesses"": 256, ""validation_holdout_fraction"": 0.2, ""validation_strategy"": ""independent_valid_trace""}",nvm_access,2bd07f29a639d54db5180b57651842ce95dd3014,0.98227,98.227,196454,all_trace_pages_in_nvm,,,3482,3546,,random,,3515,31,random,0,0.0,0,official,0,COMPLETED,capd_finals_v3_0,,,d12c5e2507c333421709ab37c1d555e50426674e3853c88759c2d44237c70235,"{""test"": ""7620aef325310ef88b78b935ed6818bba5f6c0cfdadf624f1f9aad9570ac62d7"", ""train"": ""a04bbff36eccb0091d933efd69a390c150114d67bc6644f3dbdf0991897f252d"", ""valid"": ""e7d875df6e1247bd71320d4b9e1c3e2a3e029a33dce94ad109d8289342951774""}",7620aef325310ef88b78b935ed6818bba5f6c0cfdadf624f1f9aad9570ac62d7,False,200000,all_trace_pages,dataset/processed/finals_v3_official/streamcluster_pressure/test.csv,238552.0,streamcluster_pressure,streamcluster_pressure
official,0.0012815065789394653,64,,,"{""avg_selector_time_ms"": 0.0, ""decision_count"": 0, ""max_B_t"": 0, ""max_K_t"": 0, ""mean_B_t"": 0.0, ""mean_K_t"": 0.0, ""min_B_t"": 0, ""min_K_t"": 0, ""selector_time_seconds"": 0.0}",full_dram,,,qmap/qmap_eval.py --config /home/likc/Q-former-for-OS/dataset/jsonl/finals_v3_official/streamcluster_pressure/B64/resolved_config.json --policy random --stage5_replay_seed 1 --json_output /home/likc/Q-former-for-OS/outputs/results/finals_v3_official/stage5_main/raw/streamcluster_pressure/random/seed_1.json,44a24bbe43a14f19162882f7251adae9ef4f4a920781bb1cad567814035f4b40,CAPD-MIC-1.0,"{""dram_read_cost"": 1.0, ""dram_write_cost"": 1.0, ""migration_cost"": 10.0, ""nvm_read_cost"": 2.0, ""nvm_write_cost"": 8.0}",fd9f3359900bdf868d9e985f967428aa6588c79b6d4944d08864b09cfbc51589,capd_finals_v3_official_data_v1,2b31c00b19945884a09cc6fc8f3d451aad73f0d03b98a350ef540960609ea2c4,3432,,0.004398130578920245,none,64,empty,"{""B"": 64, ""D"": 64, ""H"": 10, ""Hc"": 256, ""K"": 8, ""L"": 256, ""Lres"": 256, ""approx_ndcg_alpha"": 10.0, ""artifact_class"": ""official"", ""contract_id"": ""CAPD-MIC-1.0"", ""dirty_demotion_nvm_write"": ""none"", ""dram_initial_state"": ""empty"", ""first_touch_accounting"": ""nvm_access"", ""initial_residency"": ""all_trace_pages_in_nvm"", ""lru_direction"": ""oldest_is_one"", ""nvm_capacity_pages"": null, ""page_oov"": ""unk"", ""page_state_dim"": 4, ""page_vocab_fit"": ""train_only"", ""pc_oov"": ""unk"", ""pc_vocab_fit"": ""train_only"", ""position_encoding"": ""sinusoidal"", ""run_profile"": ""official"", ""schema_version"": ""capd_finals_v3_0"", ""selector_recall_tie"": ""any_hit"", ""shared_page_embedding"": true, ""tail_policy"": ""drop_incomplete_window"", ""trace_page_backing"": ""all_trace_pages"", ""training_scope"": ""per_workload"", ""validation_guard_accesses"": 256, ""validation_holdout_fraction"": 0.2, ""validation_strategy"": ""independent_valid_trace""}",nvm_access,2bd07f29a639d54db5180b57651842ce95dd3014,0.98252,98.252,196504,all_trace_pages_in_nvm,,,3432,3496,,random,,3461,35,random,0,0.0,1,official,1,COMPLETED,capd_finals_v3_0,,,d12c5e2507c333421709ab37c1d555e50426674e3853c88759c2d44237c70235,"{""test"": ""7620aef325310ef88b78b935ed6818bba5f6c0cfdadf624f1f9aad9570ac62d7"", ""train"": ""a04bbff36eccb0091d933efd69a390c150114d67bc6644f3dbdf0991897f252d"", ""valid"": ""e7d875df6e1247bd71320d4b9e1c3e2a3e029a33dce94ad109d8289342951774""}",7620aef325310ef88b78b935ed6818bba5f6c0cfdadf624f1f9aad9570ac62d7,False,200000,all_trace_pages,dataset/processed/finals_v3_official/streamcluster_pressure/test.csv,238026.0,streamcluster_pressure,streamcluster_pressure
official,0.0013136558802974312,64,,,"{""avg_selector_time_ms"": 0.0, ""decision_count"": 0, ""max_B_t"": 0, ""max_K_t"": 0, ""mean_B_t"": 0.0, ""mean_K_t"": 0.0, ""min_B_t"": 0, ""min_K_t"": 0, ""selector_time_seconds"": 0.0}",full_dram,,,qmap/qmap_eval.py --config /home/likc/Q-former-for-OS/dataset/jsonl/finals_v3_official/streamcluster_pressure/B64/resolved_config.json --policy random --stage5_replay_seed 2 --json_output /home/likc/Q-former-for-OS/outputs/results/finals_v3_official/stage5_main/raw/streamcluster_pressure/random/seed_2.json,44a24bbe43a14f19162882f7251adae9ef4f4a920781bb1cad567814035f4b40,CAPD-MIC-1.0,"{""dram_read_cost"": 1.0, ""dram_write_cost"": 1.0, ""migration_cost"": 10.0, ""nvm_read_cost"": 2.0, ""nvm_write_cost"": 8.0}",fd9f3359900bdf868d9e985f967428aa6588c79b6d4944d08864b09cfbc51589,capd_finals_v3_official_data_v1,2b31c00b19945884a09cc6fc8f3d451aad73f0d03b98a350ef540960609ea2c4,3494,,0.004589913645759225,none,64,empty,"{""B"": 64, ""D"": 64, ""H"": 10, ""Hc"": 256, ""K"": 8, ""L"": 256, ""Lres"": 256, ""approx_ndcg_alpha"": 10.0, ""artifact_class"": ""official"", ""contract_id"": ""CAPD-MIC-1.0"", ""dirty_demotion_nvm_write"": ""none"", ""dram_initial_state"": ""empty"", ""first_touch_accounting"": ""nvm_access"", ""initial_residency"": ""all_trace_pages_in_nvm"", ""lru_direction"": ""oldest_is_one"", ""nvm_capacity_pages"": null, ""page_oov"": ""unk"", ""page_state_dim"": 4, ""page_vocab_fit"": ""train_only"", ""pc_oov"": ""unk"", ""pc_vocab_fit"": ""train_only"", ""position_encoding"": ""sinusoidal"", ""run_profile"": ""official"", ""schema_version"": ""capd_finals_v3_0"", ""selector_recall_tie"": ""any_hit"", ""shared_page_embedding"": true, ""tail_policy"": ""drop_incomplete_window"", ""trace_page_backing"": ""all_trace_pages"", ""training_scope"": ""per_workload"", ""validation_guard_accesses"": 256, ""validation_holdout_fraction"": 0.2, ""validation_strategy"": ""independent_valid_trace""}",nvm_access,2bd07f29a639d54db5180b57651842ce95dd3014,0.98221,98.221,196442,all_trace_pages_in_nvm,,,3494,3558,,random,,3518,40,random,0,0.0,2,official,2,COMPLETED,capd_finals_v3_0,,,d12c5e2507c333421709ab37c1d555e50426674e3853c88759c2d44237c70235,"{""test"": ""7620aef325310ef88b78b935ed6818bba5f6c0cfdadf624f1f9aad9570ac62d7"", ""train"": ""a04bbff36eccb0091d933efd69a390c150114d67bc6644f3dbdf0991897f252d"", ""valid"": ""e7d875df6e1247bd71320d4b9e1c3e2a3e029a33dce94ad109d8289342951774""}",7620aef325310ef88b78b935ed6818bba5f6c0cfdadf624f1f9aad9570ac62d7,False,200000,all_trace_pages,dataset/processed/finals_v3_official/streamcluster_pressure/test.csv,238738.0,streamcluster_pressure,streamcluster_pressure
official,0.00036854782655578236,64,,,"{""avg_selector_time_ms"": 0.0, ""decision_count"": 0, ""max_B_t"": 0, ""max_K_t"": 0, ""mean_B_t"": 0.0, ""mean_K_t"": 0.0, ""min_B_t"": 0, ""min_K_t"": 0, ""selector_time_seconds"": 0.0}",full_dram,,,qmap/qmap_eval.py --config /home/likc/Q-former-for-OS/dataset/jsonl/finals_v3_official/streamcluster_pressure/B64/resolved_config.json --policy lru --json_output /home/likc/Q-former-for-OS/outputs/results/finals_v3_official/stage5_main/raw/streamcluster_pressure/lru/run.json,44a24bbe43a14f19162882f7251adae9ef4f4a920781bb1cad567814035f4b40,CAPD-MIC-1.0,"{""dram_read_cost"": 1.0, ""dram_write_cost"": 1.0, ""migration_cost"": 10.0, ""nvm_read_cost"": 2.0, ""nvm_write_cost"": 8.0}",fd9f3359900bdf868d9e985f967428aa6588c79b6d4944d08864b09cfbc51589,capd_finals_v3_official_data_v1,2b31c00b19945884a09cc6fc8f3d451aad73f0d03b98a350ef540960609ea2c4,2900,,0.0010687886970117688,none,64,empty,"{""B"": 64, ""D"": 64, ""H"": 10, ""Hc"": 256, ""K"": 8, ""L"": 256, ""Lres"": 256, ""approx_ndcg_alpha"": 10.0, ""artifact_class"": ""official"", ""contract_id"": ""CAPD-MIC-1.0"", ""dirty_demotion_nvm_write"": ""none"", ""dram_initial_state"": ""empty"", ""first_touch_accounting"": ""nvm_access"", ""initial_residency"": ""all_trace_pages_in_nvm"", ""lru_direction"": ""oldest_is_one"", ""nvm_capacity_pages"": null, ""page_oov"": ""unk"", ""page_state_dim"": 4, ""page_vocab_fit"": ""train_only"", ""pc_oov"": ""unk"", ""pc_vocab_fit"": ""train_only"", ""position_encoding"": ""sinusoidal"", ""run_profile"": ""official"", ""schema_version"": ""capd_finals_v3_0"", ""selector_recall_tie"": ""any_hit"", ""shared_page_embedding"": true, ""tail_policy"": ""drop_incomplete_window"", ""trace_page_backing"": ""all_trace_pages"", ""training_scope"": ""per_workload"", ""validation_guard_accesses"": 256, ""validation_holdout_fraction"": 0.2, ""validation_strategy"": ""independent_valid_trace""}",nvm_access,2bd07f29a639d54db5180b57651842ce95dd3014,0.98518,98.518,197036,all_trace_pages_in_nvm,,,2900,2964,,lru,,2942,22,lru,0,0.0,0,official,0,COMPLETED,capd_finals_v3_0,,,d12c5e2507c333421709ab37c1d555e50426674e3853c88759c2d44237c70235,"{""test"": ""7620aef325310ef88b78b935ed6818bba5f6c0cfdadf624f1f9aad9570ac62d7"", ""train"": ""a04bbff36eccb0091d933efd69a390c150114d67bc6644f3dbdf0991897f252d"", ""valid"": ""e7d875df6e1247bd71320d4b9e1c3e2a3e029a33dce94ad109d8289342951774""}",7620aef325310ef88b78b935ed6818bba5f6c0cfdadf624f1f9aad9570ac62d7,False,200000,all_trace_pages,dataset/processed/finals_v3_official/streamcluster_pressure/test.csv,232096.0,streamcluster_pressure,streamcluster_pressure
official,0.02317920209747081,64,,,"{""avg_selector_time_ms"": 0.0, ""decision_count"": 0, ""max_B_t"": 0, ""max_K_t"": 0, ""mean_B_t"": 0.0, ""mean_K_t"": 0.0, ""min_B_t"": 0, ""min_K_t"": 0, ""selector_time_seconds"": 0.0}",full_dram,,,qmap/qmap_eval.py --config /home/likc/Q-former-for-OS/dataset/jsonl/finals_v3_official/streamcluster_pressure/B64/resolved_config.json --policy lfu --json_output /home/likc/Q-former-for-OS/outputs/results/finals_v3_official/stage5_main/raw/streamcluster_pressure/lfu/run.json,44a24bbe43a14f19162882f7251adae9ef4f4a920781bb1cad567814035f4b40,CAPD-MIC-1.0,"{""dram_read_cost"": 1.0, ""dram_write_cost"": 1.0, ""migration_cost"": 10.0, ""nvm_read_cost"": 2.0, ""nvm_write_cost"": 8.0}",fd9f3359900bdf868d9e985f967428aa6588c79b6d4944d08864b09cfbc51589,capd_finals_v3_official_data_v1,2b31c00b19945884a09cc6fc8f3d451aad73f0d03b98a350ef540960609ea2c4,3410,,0.07904107915237546,none,64,empty,"{""B"": 64, ""D"": 64, ""H"": 10, ""Hc"": 256, ""K"": 8, ""L"": 256, ""Lres"": 256, ""approx_ndcg_alpha"": 10.0, ""artifact_class"": ""official"", ""contract_id"": ""CAPD-MIC-1.0"", ""dirty_demotion_nvm_write"": ""none"", ""dram_initial_state"": ""empty"", ""first_touch_accounting"": ""nvm_access"", ""initial_residency"": ""all_trace_pages_in_nvm"", ""lru_direction"": ""oldest_is_one"", ""nvm_capacity_pages"": null, ""page_oov"": ""unk"", ""page_state_dim"": 4, ""page_vocab_fit"": ""train_only"", ""pc_oov"": ""unk"", ""pc_vocab_fit"": ""train_only"", ""position_encoding"": ""sinusoidal"", ""run_profile"": ""official"", ""schema_version"": ""capd_finals_v3_0"", ""selector_recall_tie"": ""any_hit"", ""shared_page_embedding"": true, ""tail_policy"": ""drop_incomplete_window"", ""trace_page_backing"": ""all_trace_pages"", ""training_scope"": ""per_workload"", ""validation_guard_accesses"": 256, ""validation_holdout_fraction"": 0.2, ""validation_strategy"": ""independent_valid_trace""}",nvm_access,2bd07f29a639d54db5180b57651842ce95dd3014,0.98263,98.263,196526,all_trace_pages_in_nvm,,,3410,3474,,lfu,,3429,45,lfu,0,0.0,0,official,0,COMPLETED,capd_finals_v3_0,,,d12c5e2507c333421709ab37c1d555e50426674e3853c88759c2d44237c70235,"{""test"": ""7620aef325310ef88b78b935ed6818bba5f6c0cfdadf624f1f9aad9570ac62d7"", ""train"": ""a04bbff36eccb0091d933efd69a390c150114d67bc6644f3dbdf0991897f252d"", ""valid"": ""e7d875df6e1247bd71320d4b9e1c3e2a3e029a33dce94ad109d8289342951774""}",7620aef325310ef88b78b935ed6818bba5f6c0cfdadf624f1f9aad9570ac62d7,False,200000,all_trace_pages,dataset/processed/finals_v3_official/streamcluster_pressure/test.csv,237844.0,streamcluster_pressure,streamcluster_pressure
official,0.0014700384119910271,64,,,"{""avg_selector_time_ms"": 0.0, ""decision_count"": 0, ""max_B_t"": 0, ""max_K_t"": 0, ""mean_B_t"": 0.0, ""mean_K_t"": 0.0, ""min_B_t"": 0, ""min_K_t"": 0, ""selector_time_seconds"": 0.0}",full_dram,,,qmap/qmap_eval.py --config /home/likc/Q-former-for-OS/dataset/jsonl/finals_v3_official/streamcluster_pressure/B64/resolved_config.json --policy clock --json_output /home/likc/Q-former-for-OS/outputs/results/finals_v3_official/stage5_main/raw/streamcluster_pressure/clock/run.json,44a24bbe43a14f19162882f7251adae9ef4f4a920781bb1cad567814035f4b40,CAPD-MIC-1.0,"{""dram_read_cost"": 1.0, ""dram_write_cost"": 1.0, ""migration_cost"": 10.0, ""nvm_read_cost"": 2.0, ""nvm_write_cost"": 8.0}",fd9f3359900bdf868d9e985f967428aa6588c79b6d4944d08864b09cfbc51589,capd_finals_v3_official_data_v1,2b31c00b19945884a09cc6fc8f3d451aad73f0d03b98a350ef540960609ea2c4,3239,,0.004761454416438937,none,64,empty,"{""B"": 64, ""D"": 64, ""H"": 10, ""Hc"": 256, ""K"": 8, ""L"": 256, ""Lres"": 256, ""approx_ndcg_alpha"": 10.0, ""artifact_class"": ""official"", ""contract_id"": ""CAPD-MIC-1.0"", ""dirty_demotion_nvm_write"": ""none"", ""dram_initial_state"": ""empty"", ""first_touch_accounting"": ""nvm_access"", ""initial_residency"": ""all_trace_pages_in_nvm"", ""lru_direction"": ""oldest_is_one"", ""nvm_capacity_pages"": null, ""page_oov"": ""unk"", ""page_state_dim"": 4, ""page_vocab_fit"": ""train_only"", ""pc_oov"": ""unk"", ""pc_vocab_fit"": ""train_only"", ""position_encoding"": ""sinusoidal"", ""run_profile"": ""official"", ""schema_version"": ""capd_finals_v3_0"", ""selector_recall_tie"": ""any_hit"", ""shared_page_embedding"": true, ""tail_policy"": ""drop_incomplete_window"", ""trace_page_backing"": ""all_trace_pages"", ""training_scope"": ""per_workload"", ""validation_guard_accesses"": 256, ""validation_holdout_fraction"": 0.2, ""validation_strategy"": ""independent_valid_trace""}",nvm_access,2bd07f29a639d54db5180b57651842ce95dd3014,0.983485,98.3485,196697,all_trace_pages_in_nvm,,,3239,3303,,clock,,3270,33,clock,0,0.0,0,official,0,COMPLETED,capd_finals_v3_0,,,d12c5e2507c333421709ab37c1d555e50426674e3853c88759c2d44237c70235,"{""test"": ""7620aef325310ef88b78b935ed6818bba5f6c0cfdadf624f1f9aad9570ac62d7"", ""train"": ""a04bbff36eccb0091d933efd69a390c150114d67bc6644f3dbdf0991897f252d"", ""valid"": ""e7d875df6e1247bd71320d4b9e1c3e2a3e029a33dce94ad109d8289342951774""}",7620aef325310ef88b78b935ed6818bba5f6c0cfdadf624f1f9aad9570ac62d7,False,200000,all_trace_pages,dataset/processed/finals_v3_official/streamcluster_pressure/test.csv,235891.0,streamcluster_pressure,streamcluster_pressure
official,0.06982018421065694,8,,,"{""avg_selector_time_ms"": 0.0, ""decision_count"": 0, ""max_B_t"": 0, ""max_K_t"": 0, ""mean_B_t"": 0.0, ""mean_K_t"": 0.0, ""min_B_t"": 0, ""min_K_t"": 0, ""selector_time_seconds"": 0.0}",native_lru_tail_8,,,qmap/qmap_eval.py --config /home/likc/Q-former-for-OS/dataset/jsonl/finals_v3_official/streamcluster_pressure/B64/resolved_config.json --policy kleio_lite --learned_model /home/likc/Q-former-for-OS/outputs/results/finals_v3_official/stage5_learned_baselines/models/streamcluster_pressure/kleio_lite.json --json_output /home/likc/Q-former-for-OS/outputs/results/finals_v3_official/stage5_learned_baselines/raw/streamcluster_pressure/kleio_lite.json,44a24bbe43a14f19162882f7251adae9ef4f4a920781bb1cad567814035f4b40,CAPD-MIC-1.0,"{""dram_read_cost"": 1.0, ""dram_write_cost"": 1.0, ""migration_cost"": 10.0, ""nvm_read_cost"": 2.0, ""nvm_write_cost"": 8.0}",fd9f3359900bdf868d9e985f967428aa6588c79b6d4944d08864b09cfbc51589,capd_finals_v3_official_data_v1,2b31c00b19945884a09cc6fc8f3d451aad73f0d03b98a350ef540960609ea2c4,2890,,0.20178033236879855,none,64,empty,"{""B"": 64, ""D"": 64, ""H"": 10, ""Hc"": 256, ""K"": 8, ""L"": 256, ""Lres"": 256, ""approx_ndcg_alpha"": 10.0, ""artifact_class"": ""official"", ""contract_id"": ""CAPD-MIC-1.0"", ""dirty_demotion_nvm_write"": ""none"", ""dram_initial_state"": ""empty"", ""first_touch_accounting"": ""nvm_access"", ""initial_residency"": ""all_trace_pages_in_nvm"", ""lru_direction"": ""oldest_is_one"", ""nvm_capacity_pages"": null, ""page_oov"": ""unk"", ""page_state_dim"": 4, ""page_vocab_fit"": ""train_only"", ""pc_oov"": ""unk"", ""pc_vocab_fit"": ""train_only"", ""position_encoding"": ""sinusoidal"", ""run_profile"": ""official"", ""schema_version"": ""capd_finals_v3_0"", ""selector_recall_tie"": ""any_hit"", ""shared_page_embedding"": true, ""tail_policy"": ""drop_incomplete_window"", ""trace_page_backing"": ""all_trace_pages"", ""training_scope"": ""per_workload"", ""validation_guard_accesses"": 256, ""validation_holdout_fraction"": 0.2, ""validation_strategy"": ""independent_valid_trace""}",nvm_access,2bd07f29a639d54db5180b57651842ce95dd3014,0.98523,98.52300000000001,197046,all_trace_pages_in_nvm,/home/likc/Q-former-for-OS/outputs/results/finals_v3_official/stage5_learned_baselines/models/streamcluster_pressure/kleio_lite.json,5bc50477b82f461622291f15e6e89bb7fad27e47fb748fd2c86f8d5e23e805cb,2890,2954,,kleio_lite,,2953,1,kleio_lite,0,0.0,0,official,0,COMPLETED,capd_finals_v3_0,,,d12c5e2507c333421709ab37c1d555e50426674e3853c88759c2d44237c70235,"{""test"": ""7620aef325310ef88b78b935ed6818bba5f6c0cfdadf624f1f9aad9570ac62d7"", ""train"": ""a04bbff36eccb0091d933efd69a390c150114d67bc6644f3dbdf0991897f252d"", ""valid"": ""e7d875df6e1247bd71320d4b9e1c3e2a3e029a33dce94ad109d8289342951774""}",7620aef325310ef88b78b935ed6818bba5f6c0cfdadf624f1f9aad9570ac62d7,False,200000,all_trace_pages,dataset/processed/finals_v3_official/streamcluster_pressure/test.csv,231860.0,streamcluster_pressure,streamcluster_pressure
official,0.15271186989522417,8,,,"{""avg_selector_time_ms"": 0.0, ""decision_count"": 0, ""max_B_t"": 0, ""max_K_t"": 0, ""mean_B_t"": 0.0, ""mean_K_t"": 0.0, ""min_B_t"": 0, ""min_K_t"": 0, ""selector_time_seconds"": 0.0}",native_lru_tail_8,,,qmap/qmap_eval.py --config /home/likc/Q-former-for-OS/dataset/jsonl/finals_v3_official/streamcluster_pressure/B64/resolved_config.json --policy patterns_lite --learned_model /home/likc/Q-former-for-OS/outputs/results/finals_v3_official/stage5_learned_baselines/models/streamcluster_pressure/patterns_lite.json --json_output /home/likc/Q-former-for-OS/outputs/results/finals_v3_official/stage5_learned_baselines/raw/streamcluster_pressure/patterns_lite.json,44a24bbe43a14f19162882f7251adae9ef4f4a920781bb1cad567814035f4b40,CAPD-MIC-1.0,"{""dram_read_cost"": 1.0, ""dram_write_cost"": 1.0, ""migration_cost"": 10.0, ""nvm_read_cost"": 2.0, ""nvm_write_cost"": 8.0}",fd9f3359900bdf868d9e985f967428aa6588c79b6d4944d08864b09cfbc51589,capd_finals_v3_official_data_v1,2b31c00b19945884a09cc6fc8f3d451aad73f0d03b98a350ef540960609ea2c4,2865,,0.43751950724981725,none,64,empty,"{""B"": 64, ""D"": 64, ""H"": 10, ""Hc"": 256, ""K"": 8, ""L"": 256, ""Lres"": 256, ""approx_ndcg_alpha"": 10.0, ""artifact_class"": ""official"", ""contract_id"": ""CAPD-MIC-1.0"", ""dirty_demotion_nvm_write"": ""none"", ""dram_initial_state"": ""empty"", ""first_touch_accounting"": ""nvm_access"", ""initial_residency"": ""all_trace_pages_in_nvm"", ""lru_direction"": ""oldest_is_one"", ""nvm_capacity_pages"": null, ""page_oov"": ""unk"", ""page_state_dim"": 4, ""page_vocab_fit"": ""train_only"", ""pc_oov"": ""unk"", ""pc_vocab_fit"": ""train_only"", ""position_encoding"": ""sinusoidal"", ""run_profile"": ""official"", ""schema_version"": ""capd_finals_v3_0"", ""selector_recall_tie"": ""any_hit"", ""shared_page_embedding"": true, ""tail_policy"": ""drop_incomplete_window"", ""trace_page_backing"": ""all_trace_pages"", ""training_scope"": ""per_workload"", ""validation_guard_accesses"": 256, ""validation_holdout_fraction"": 0.2, ""validation_strategy"": ""independent_valid_trace""}",nvm_access,2bd07f29a639d54db5180b57651842ce95dd3014,0.985355,98.5355,197071,all_trace_pages_in_nvm,/home/likc/Q-former-for-OS/outputs/results/finals_v3_official/stage5_learned_baselines/models/streamcluster_pressure/patterns_lite.json,2b4bc884e5150840f393ff790abb54b57dc3b795b6f8735e4000a99b1dbbe27c,2865,2929,,patterns_lite,,2910,19,patterns_lite,0,0.0,0,official,0,COMPLETED,capd_finals_v3_0,,,d12c5e2507c333421709ab37c1d555e50426674e3853c88759c2d44237c70235,"{""test"": ""7620aef325310ef88b78b935ed6818bba5f6c0cfdadf624f1f9aad9570ac62d7"", ""train"": ""a04bbff36eccb0091d933efd69a390c150114d67bc6644f3dbdf0991897f252d"", ""valid"": ""e7d875df6e1247bd71320d4b9e1c3e2a3e029a33dce94ad109d8289342951774""}",7620aef325310ef88b78b935ed6818bba5f6c0cfdadf624f1f9aad9570ac62d7,False,200000,all_trace_pages,dataset/processed/finals_v3_official/streamcluster_pressure/test.csv,231693.0,streamcluster_pressure,streamcluster_pressure
official,3.284168739348073,8,valid_trace,"{""EndToEndRecall@K"": 1.0, ""NRegret"": 0.0, ""PoolRecall@B"": 1.0, ""SelectorRecall@K"": 1.0, ""TieCoverage@K"": 0.1356329204762791}","{""avg_selector_time_ms"": 0.4148575090075389, ""decision_count"": 3295, ""max_B_t"": 64, ""max_K_t"": 8, ""mean_B_t"": 64.0, ""mean_K_t"": 8.0, ""min_B_t"": 64, ""min_K_t"": 8, ""selector_time_seconds"": 1.3669554921798408}",capd_selector_B_to_K,/home/likc/Q-former-for-OS/outputs/checkpoints/finals_v3_official/stage4_reranker/dedup_pressure/seed_3136859/qmap_best.pth,b75cb005d474130636333c3eba74bfe30733b34e0a4c1907d9420f5b33485c9a,qmap/qmap_eval.py --config /home/likc/Q-former-for-OS/dataset/jsonl/finals_v3_official/dedup_pressure/B64/resolved_config.json --selector_params /home/likc/Q-former-for-OS/dataset/jsonl/finals_v3_official/dedup_pressure/B64/selector_params.json --policy qmap --checkpoint /home/likc/Q-former-for-OS/outputs/checkpoints/finals_v3_official/stage4_reranker/dedup_pressure/seed_3136859/qmap_best.pth --json_output /home/likc/Q-former-for-OS/outputs/results/finals_v3_official/stage5_main/raw/dedup_pressure/qmap/seed_3136859.json,bb1f255f64fee0706bff0dbbdb45f712f1754d82f76b2f895663ea32ad62a816,CAPD-MIC-1.0,"{""dram_read_cost"": 1.0, ""dram_write_cost"": 1.0, ""migration_cost"": 10.0, ""nvm_read_cost"": 2.0, ""nvm_write_cost"": 8.0}",fd9f3359900bdf868d9e985f967428aa6588c79b6d4944d08864b09cfbc51589,capd_finals_v3_official_data_v1,d42012b4222091383fc3dfd7eb084dfe4c714512f067aaf7620d37dc844f4fa8,3295,,10.821335996151902,none,64,empty,"{""B"": 64, ""D"": 64, ""H"": 10, ""Hc"": 256, ""K"": 8, ""L"": 256, ""Lres"": 256, ""approx_ndcg_alpha"": 10.0, ""artifact_class"": ""official"", ""contract_id"": ""CAPD-MIC-1.0"", ""dirty_demotion_nvm_write"": ""none"", ""dram_initial_state"": ""empty"", ""first_touch_accounting"": ""nvm_access"", ""initial_residency"": ""all_trace_pages_in_nvm"", ""lru_direction"": ""oldest_is_one"", ""nvm_capacity_pages"": null, ""page_oov"": ""unk"", ""page_state_dim"": 4, ""page_vocab_fit"": ""train_only"", ""pc_oov"": ""unk"", ""pc_vocab_fit"": ""train_only"", ""position_encoding"": ""sinusoidal"", ""run_profile"": ""official"", ""schema_version"": ""capd_finals_v3_0"", ""selector_recall_tie"": ""any_hit"", ""shared_page_embedding"": true, ""tail_policy"": ""drop_incomplete_window"", ""trace_page_backing"": ""all_trace_pages"", ""training_scope"": ""per_workload"", ""validation_guard_accesses"": 256, ""validation_holdout_fraction"": 0.2, ""validation_strategy"": ""independent_valid_trace""}",nvm_access,2bd07f29a639d54db5180b57651842ce95dd3014,0.996641,99.6641,996641,all_trace_pages_in_nvm,,,3295,3359,3136859,qmap,,1818,1541,qmap,0,0.0,0,official,3136859,COMPLETED,capd_finals_v3_0,7fe88114f67649e6810039d39682ccfa6ffd54ab5b28e2677b710d7a1b8298b2,/home/likc/Q-former-for-OS/dataset/jsonl/finals_v3_official/dedup_pressure/B64/selector_params.json,1c04935e3188eed4d2e7d6217b2e156253448b2967c26905353476190dd8f439,"{""test"": ""02290e3d22516bffdf9025b740c4c955b1021f9255f2a3f795835296b3bd1b3e"", ""train"": ""1c505939b9041ae4c0d3a6cb8fed653a45a42aab74a7b74f7d73f3d333b9f716"", ""valid"": ""19ea50b168cd601e3bb52e24f07102402cc7315b7f30895ff4ee0da1c8a931c8""}",02290e3d22516bffdf9025b740c4c955b1021f9255f2a3f795835296b3bd1b3e,False,1000000,all_trace_pages,dataset/processed/finals_v3_official/dedup_pressure/test.csv,1045555.0,dedup_pressure,dedup_pressure
official,3.337425153462331,8,valid_trace,"{""EndToEndRecall@K"": 1.0, ""NRegret"": 0.0, ""PoolRecall@B"": 1.0, ""SelectorRecall@K"": 1.0, ""TieCoverage@K"": 0.1356329204762791}","{""avg_selector_time_ms"": 0.41773129631638406, ""decision_count"": 3269, ""max_B_t"": 64, ""max_K_t"": 8, ""mean_B_t"": 64.0, ""mean_K_t"": 8.0, ""min_B_t"": 64, ""min_K_t"": 8, ""selector_time_seconds"": 1.3655636076582596}",capd_selector_B_to_K,/home/likc/Q-former-for-OS/outputs/checkpoints/finals_v3_official/stage4_reranker/dedup_pressure/seed_42/qmap_best.pth,408dcc2696c0b32444738de254b3c210df23142746af63db1dc078ddb3959ca5,qmap/qmap_eval.py --config /home/likc/Q-former-for-OS/dataset/jsonl/finals_v3_official/dedup_pressure/B64/resolved_config.json --selector_params /home/likc/Q-former-for-OS/dataset/jsonl/finals_v3_official/dedup_pressure/B64/selector_params.json --policy qmap --checkpoint /home/likc/Q-former-for-OS/outputs/checkpoints/finals_v3_official/stage4_reranker/dedup_pressure/seed_42/qmap_best.pth --json_output /home/likc/Q-former-for-OS/outputs/results/finals_v3_official/stage5_main/raw/dedup_pressure/qmap/seed_42.json,bb1f255f64fee0706bff0dbbdb45f712f1754d82f76b2f895663ea32ad62a816,CAPD-MIC-1.0,"{""dram_read_cost"": 1.0, ""dram_write_cost"": 1.0, ""migration_cost"": 10.0, ""nvm_read_cost"": 2.0, ""nvm_write_cost"": 8.0}",fd9f3359900bdf868d9e985f967428aa6588c79b6d4944d08864b09cfbc51589,capd_finals_v3_official_data_v1,d42012b4222091383fc3dfd7eb084dfe4c714512f067aaf7620d37dc844f4fa8,3269,,10.91004282666836,none,64,empty,"{""B"": 64, ""D"": 64, ""H"": 10, ""Hc"": 256, ""K"": 8, ""L"": 256, ""Lres"": 256, ""approx_ndcg_alpha"": 10.0, ""artifact_class"": ""official"", ""contract_id"": ""CAPD-MIC-1.0"", ""dirty_demotion_nvm_write"": ""none"", ""dram_initial_state"": ""empty"", ""first_touch_accounting"": ""nvm_access"", ""initial_residency"": ""all_trace_pages_in_nvm"", ""lru_direction"": ""oldest_is_one"", ""nvm_capacity_pages"": null, ""page_oov"": ""unk"", ""page_state_dim"": 4, ""page_vocab_fit"": ""train_only"", ""pc_oov"": ""unk"", ""pc_vocab_fit"": ""train_only"", ""position_encoding"": ""sinusoidal"", ""run_profile"": ""official"", ""schema_version"": ""capd_finals_v3_0"", ""selector_recall_tie"": ""any_hit"", ""shared_page_embedding"": true, ""tail_policy"": ""drop_incomplete_window"", ""trace_page_backing"": ""all_trace_pages"", ""training_scope"": ""per_workload"", ""validation_guard_accesses"": 256, ""validation_holdout_fraction"": 0.2, ""validation_strategy"": ""independent_valid_trace""}",nvm_access,2bd07f29a639d54db5180b57651842ce95dd3014,0.996667,99.66669999999999,996667,all_trace_pages_in_nvm,,,3269,3333,42,qmap,,1791,1542,qmap,0,0.0,0,official,42,COMPLETED,capd_finals_v3_0,7fe88114f67649e6810039d39682ccfa6ffd54ab5b28e2677b710d7a1b8298b2,/home/likc/Q-former-for-OS/dataset/jsonl/finals_v3_official/dedup_pressure/B64/selector_params.json,1c04935e3188eed4d2e7d6217b2e156253448b2967c26905353476190dd8f439,"{""test"": ""02290e3d22516bffdf9025b740c4c955b1021f9255f2a3f795835296b3bd1b3e"", ""train"": ""1c505939b9041ae4c0d3a6cb8fed653a45a42aab74a7b74f7d73f3d333b9f716"", ""valid"": ""19ea50b168cd601e3bb52e24f07102402cc7315b7f30895ff4ee0da1c8a931c8""}",02290e3d22516bffdf9025b740c4c955b1021f9255f2a3f795835296b3bd1b3e,False,1000000,all_trace_pages,dataset/processed/finals_v3_official/dedup_pressure/test.csv,1045275.0,dedup_pressure,dedup_pressure
official,3.333439533101014,8,valid_trace,"{""EndToEndRecall@K"": 1.0, ""NRegret"": 0.0, ""PoolRecall@B"": 1.0, ""SelectorRecall@K"": 1.0, ""TieCoverage@K"": 0.1356329204762791}","{""avg_selector_time_ms"": 0.41607853442648296, ""decision_count"": 3284, ""max_B_t"": 64, ""max_K_t"": 8, ""mean_B_t"": 64.0, ""mean_K_t"": 8.0, ""min_B_t"": 64, ""min_K_t"": 8, ""selector_time_seconds"": 1.36640190705657}",capd_selector_B_to_K,/home/likc/Q-former-for-OS/outputs/checkpoints/finals_v3_official/stage4_reranker/dedup_pressure/seed_2026/qmap_best.pth,93867c303a8c980c9b9a3b263619ba98b24768d3852abf98807f41b036eee51f,qmap/qmap_eval.py --config /home/likc/Q-former-for-OS/dataset/jsonl/finals_v3_official/dedup_pressure/B64/resolved_config.json --selector_params /home/likc/Q-former-for-OS/dataset/jsonl/finals_v3_official/dedup_pressure/B64/selector_params.json --policy qmap --checkpoint /home/likc/Q-former-for-OS/outputs/checkpoints/finals_v3_official/stage4_reranker/dedup_pressure/seed_2026/qmap_best.pth --json_output /home/likc/Q-former-for-OS/outputs/results/finals_v3_official/stage5_main/raw/dedup_pressure/qmap/seed_2026.json,bb1f255f64fee0706bff0dbbdb45f712f1754d82f76b2f895663ea32ad62a816,CAPD-MIC-1.0,"{""dram_read_cost"": 1.0, ""dram_write_cost"": 1.0, ""migration_cost"": 10.0, ""nvm_read_cost"": 2.0, ""nvm_write_cost"": 8.0}",fd9f3359900bdf868d9e985f967428aa6588c79b6d4944d08864b09cfbc51589,capd_finals_v3_official_data_v1,d42012b4222091383fc3dfd7eb084dfe4c714512f067aaf7620d37dc844f4fa8,3284,,10.947015426703729,none,64,empty,"{""B"": 64, ""D"": 64, ""H"": 10, ""Hc"": 256, ""K"": 8, ""L"": 256, ""Lres"": 256, ""approx_ndcg_alpha"": 10.0, ""artifact_class"": ""official"", ""contract_id"": ""CAPD-MIC-1.0"", ""dirty_demotion_nvm_write"": ""none"", ""dram_initial_state"": ""empty"", ""first_touch_accounting"": ""nvm_access"", ""initial_residency"": ""all_trace_pages_in_nvm"", ""lru_direction"": ""oldest_is_one"", ""nvm_capacity_pages"": null, ""page_oov"": ""unk"", ""page_state_dim"": 4, ""page_vocab_fit"": ""train_only"", ""pc_oov"": ""unk"", ""pc_vocab_fit"": ""train_only"", ""position_encoding"": ""sinusoidal"", ""run_profile"": ""official"", ""schema_version"": ""capd_finals_v3_0"", ""selector_recall_tie"": ""any_hit"", ""shared_page_embedding"": true, ""tail_policy"": ""drop_incomplete_window"", ""trace_page_backing"": ""all_trace_pages"", ""training_scope"": ""per_workload"", ""validation_guard_accesses"": 256, ""validation_holdout_fraction"": 0.2, ""validation_strategy"": ""independent_valid_trace""}",nvm_access,2bd07f29a639d54db5180b57651842ce95dd3014,0.996652,99.6652,996652,all_trace_pages_in_nvm,,,3284,3348,2026,qmap,,1807,1541,qmap,0,0.0,0,official,2026,COMPLETED,capd_finals_v3_0,7fe88114f67649e6810039d39682ccfa6ffd54ab5b28e2677b710d7a1b8298b2,/home/likc/Q-former-for-OS/dataset/jsonl/finals_v3_official/dedup_pressure/B64/selector_params.json,1c04935e3188eed4d2e7d6217b2e156253448b2967c26905353476190dd8f439,"{""test"": ""02290e3d22516bffdf9025b740c4c955b1021f9255f2a3f795835296b3bd1b3e"", ""train"": ""1c505939b9041ae4c0d3a6cb8fed653a45a42aab74a7b74f7d73f3d333b9f716"", ""valid"": ""19ea50b168cd601e3bb52e24f07102402cc7315b7f30895ff4ee0da1c8a931c8""}",02290e3d22516bffdf9025b740c4c955b1021f9255f2a3f795835296b3bd1b3e,False,1000000,all_trace_pages,dataset/processed/finals_v3_official/dedup_pressure/test.csv,1045434.0,dedup_pressure,dedup_pressure
official,0.0013222419076050478,64,,,"{""avg_selector_time_ms"": 0.0, ""decision_count"": 0, ""max_B_t"": 0, ""max_K_t"": 0, ""mean_B_t"": 0.0, ""mean_K_t"": 0.0, ""min_B_t"": 0, ""min_K_t"": 0, ""selector_time_seconds"": 0.0}",full_dram,,,qmap/qmap_eval.py --config /home/likc/Q-former-for-OS/dataset/jsonl/finals_v3_official/dedup_pressure/B64/resolved_config.json --policy random --stage5_replay_seed 0 --json_output /home/likc/Q-former-for-OS/outputs/results/finals_v3_official/stage5_main/raw/dedup_pressure/random/seed_0.json,bb1f255f64fee0706bff0dbbdb45f712f1754d82f76b2f895663ea32ad62a816,CAPD-MIC-1.0,"{""dram_read_cost"": 1.0, ""dram_write_cost"": 1.0, ""migration_cost"": 10.0, ""nvm_read_cost"": 2.0, ""nvm_write_cost"": 8.0}",fd9f3359900bdf868d9e985f967428aa6588c79b6d4944d08864b09cfbc51589,capd_finals_v3_official_data_v1,d42012b4222091383fc3dfd7eb084dfe4c714512f067aaf7620d37dc844f4fa8,3544,,0.0046860253205522895,none,64,empty,"{""B"": 64, ""D"": 64, ""H"": 10, ""Hc"": 256, ""K"": 8, ""L"": 256, ""Lres"": 256, ""approx_ndcg_alpha"": 10.0, ""artifact_class"": ""official"", ""contract_id"": ""CAPD-MIC-1.0"", ""dirty_demotion_nvm_write"": ""none"", ""dram_initial_state"": ""empty"", ""first_touch_accounting"": ""nvm_access"", ""initial_residency"": ""all_trace_pages_in_nvm"", ""lru_direction"": ""oldest_is_one"", ""nvm_capacity_pages"": null, ""page_oov"": ""unk"", ""page_state_dim"": 4, ""page_vocab_fit"": ""train_only"", ""pc_oov"": ""unk"", ""pc_vocab_fit"": ""train_only"", ""position_encoding"": ""sinusoidal"", ""run_profile"": ""official"", ""schema_version"": ""capd_finals_v3_0"", ""selector_recall_tie"": ""any_hit"", ""shared_page_embedding"": true, ""tail_policy"": ""drop_incomplete_window"", ""trace_page_backing"": ""all_trace_pages"", ""training_scope"": ""per_workload"", ""validation_guard_accesses"": 256, ""validation_holdout_fraction"": 0.2, ""validation_strategy"": ""independent_valid_trace""}",nvm_access,2bd07f29a639d54db5180b57651842ce95dd3014,0.996392,99.6392,996392,all_trace_pages_in_nvm,,,3544,3608,,random,,1955,1653,random,0,0.0,0,official,0,COMPLETED,capd_finals_v3_0,,,1c04935e3188eed4d2e7d6217b2e156253448b2967c26905353476190dd8f439,"{""test"": ""02290e3d22516bffdf9025b740c4c955b1021f9255f2a3f795835296b3bd1b3e"", ""train"": ""1c505939b9041ae4c0d3a6cb8fed653a45a42aab74a7b74f7d73f3d333b9f716"", ""valid"": ""19ea50b168cd601e3bb52e24f07102402cc7315b7f30895ff4ee0da1c8a931c8""}",02290e3d22516bffdf9025b740c4c955b1021f9255f2a3f795835296b3bd1b3e,False,1000000,all_trace_pages,dataset/processed/finals_v3_official/dedup_pressure/test.csv,1048966.0,dedup_pressure,dedup_pressure
official,0.0013009038291957767,64,,,"{""avg_selector_time_ms"": 0.0, ""decision_count"": 0, ""max_B_t"": 0, ""max_K_t"": 0, ""mean_B_t"": 0.0, ""mean_K_t"": 0.0, ""min_B_t"": 0, ""min_K_t"": 0, ""selector_time_seconds"": 0.0}",full_dram,,,qmap/qmap_eval.py --config /home/likc/Q-former-for-OS/dataset/jsonl/finals_v3_official/dedup_pressure/B64/resolved_config.json --policy random --stage5_replay_seed 1 --json_output /home/likc/Q-former-for-OS/outputs/results/finals_v3_official/stage5_main/raw/dedup_pressure/random/seed_1.json,bb1f255f64fee0706bff0dbbdb45f712f1754d82f76b2f895663ea32ad62a816,CAPD-MIC-1.0,"{""dram_read_cost"": 1.0, ""dram_write_cost"": 1.0, ""migration_cost"": 10.0, ""nvm_read_cost"": 2.0, ""nvm_write_cost"": 8.0}",fd9f3359900bdf868d9e985f967428aa6588c79b6d4944d08864b09cfbc51589,capd_finals_v3_official_data_v1,d42012b4222091383fc3dfd7eb084dfe4c714512f067aaf7620d37dc844f4fa8,3543,,0.004609102266840637,none,64,empty,"{""B"": 64, ""D"": 64, ""H"": 10, ""Hc"": 256, ""K"": 8, ""L"": 256, ""Lres"": 256, ""approx_ndcg_alpha"": 10.0, ""artifact_class"": ""official"", ""contract_id"": ""CAPD-MIC-1.0"", ""dirty_demotion_nvm_write"": ""none"", ""dram_initial_state"": ""empty"", ""first_touch_accounting"": ""nvm_access"", ""initial_residency"": ""all_trace_pages_in_nvm"", ""lru_direction"": ""oldest_is_one"", ""nvm_capacity_pages"": null, ""page_oov"": ""unk"", ""page_state_dim"": 4, ""page_vocab_fit"": ""train_only"", ""pc_oov"": ""unk"", ""pc_vocab_fit"": ""train_only"", ""position_encoding"": ""sinusoidal"", ""run_profile"": ""official"", ""schema_version"": ""capd_finals_v3_0"", ""selector_recall_tie"": ""any_hit"", ""shared_page_embedding"": true, ""tail_policy"": ""drop_incomplete_window"", ""trace_page_backing"": ""all_trace_pages"", ""training_scope"": ""per_workload"", ""validation_guard_accesses"": 256, ""validation_holdout_fraction"": 0.2, ""validation_strategy"": ""independent_valid_trace""}",nvm_access,2bd07f29a639d54db5180b57651842ce95dd3014,0.996393,99.63929999999999,996393,all_trace_pages_in_nvm,,,3543,3607,,random,,1957,1650,random,0,0.0,1,official,1,COMPLETED,capd_finals_v3_0,,,1c04935e3188eed4d2e7d6217b2e156253448b2967c26905353476190dd8f439,"{""test"": ""02290e3d22516bffdf9025b740c4c955b1021f9255f2a3f795835296b3bd1b3e"", ""train"": ""1c505939b9041ae4c0d3a6cb8fed653a45a42aab74a7b74f7d73f3d333b9f716"", ""valid"": ""19ea50b168cd601e3bb52e24f07102402cc7315b7f30895ff4ee0da1c8a931c8""}",02290e3d22516bffdf9025b740c4c955b1021f9255f2a3f795835296b3bd1b3e,False,1000000,all_trace_pages,dataset/processed/finals_v3_official/dedup_pressure/test.csv,1048937.0,dedup_pressure,dedup_pressure
official,0.0013186881707505716,64,,,"{""avg_selector_time_ms"": 0.0, ""decision_count"": 0, ""max_B_t"": 0, ""max_K_t"": 0, ""mean_B_t"": 0.0, ""mean_K_t"": 0.0, ""min_B_t"": 0, ""min_K_t"": 0, ""selector_time_seconds"": 0.0}",full_dram,,,qmap/qmap_eval.py --config /home/likc/Q-former-for-OS/dataset/jsonl/finals_v3_official/dedup_pressure/B64/resolved_config.json --policy random --stage5_replay_seed 2 --json_output /home/likc/Q-former-for-OS/outputs/results/finals_v3_official/stage5_main/raw/dedup_pressure/random/seed_2.json,bb1f255f64fee0706bff0dbbdb45f712f1754d82f76b2f895663ea32ad62a816,CAPD-MIC-1.0,"{""dram_read_cost"": 1.0, ""dram_write_cost"": 1.0, ""migration_cost"": 10.0, ""nvm_read_cost"": 2.0, ""nvm_write_cost"": 8.0}",fd9f3359900bdf868d9e985f967428aa6588c79b6d4944d08864b09cfbc51589,capd_finals_v3_official_data_v1,d42012b4222091383fc3dfd7eb084dfe4c714512f067aaf7620d37dc844f4fa8,3545,,0.004674749565310776,none,64,empty,"{""B"": 64, ""D"": 64, ""H"": 10, ""Hc"": 256, ""K"": 8, ""L"": 256, ""Lres"": 256, ""approx_ndcg_alpha"": 10.0, ""artifact_class"": ""official"", ""contract_id"": ""CAPD-MIC-1.0"", ""dirty_demotion_nvm_write"": ""none"", ""dram_initial_state"": ""empty"", ""first_touch_accounting"": ""nvm_access"", ""initial_residency"": ""all_trace_pages_in_nvm"", ""lru_direction"": ""oldest_is_one"", ""nvm_capacity_pages"": null, ""page_oov"": ""unk"", ""page_state_dim"": 4, ""page_vocab_fit"": ""train_only"", ""pc_oov"": ""unk"", ""pc_vocab_fit"": ""train_only"", ""position_encoding"": ""sinusoidal"", ""run_profile"": ""official"", ""schema_version"": ""capd_finals_v3_0"", ""selector_recall_tie"": ""any_hit"", ""shared_page_embedding"": true, ""tail_policy"": ""drop_incomplete_window"", ""trace_page_backing"": ""all_trace_pages"", ""training_scope"": ""per_workload"", ""validation_guard_accesses"": 256, ""validation_holdout_fraction"": 0.2, ""validation_strategy"": ""independent_valid_trace""}",nvm_access,2bd07f29a639d54db5180b57651842ce95dd3014,0.996391,99.6391,996391,all_trace_pages_in_nvm,,,3545,3609,,random,,1936,1673,random,0,0.0,2,official,2,COMPLETED,capd_finals_v3_0,,,1c04935e3188eed4d2e7d6217b2e156253448b2967c26905353476190dd8f439,"{""test"": ""02290e3d22516bffdf9025b740c4c955b1021f9255f2a3f795835296b3bd1b3e"", ""train"": ""1c505939b9041ae4c0d3a6cb8fed653a45a42aab74a7b74f7d73f3d333b9f716"", ""valid"": ""19ea50b168cd601e3bb52e24f07102402cc7315b7f30895ff4ee0da1c8a931c8""}",02290e3d22516bffdf9025b740c4c955b1021f9255f2a3f795835296b3bd1b3e,False,1000000,all_trace_pages,dataset/processed/finals_v3_official/dedup_pressure/test.csv,1049097.0,dedup_pressure,dedup_pressure
official,0.00031069059687346246,64,,,"{""avg_selector_time_ms"": 0.0, ""decision_count"": 0, ""max_B_t"": 0, ""max_K_t"": 0, ""mean_B_t"": 0.0, ""mean_K_t"": 0.0, ""min_B_t"": 0, ""min_K_t"": 0, ""selector_time_seconds"": 0.0}",full_dram,,,qmap/qmap_eval.py --config /home/likc/Q-former-for-OS/dataset/jsonl/finals_v3_official/dedup_pressure/B64/resolved_config.json --policy lru --json_output /home/likc/Q-former-for-OS/outputs/results/finals_v3_official/stage5_main/raw/dedup_pressure/lru/run.json,bb1f255f64fee0706bff0dbbdb45f712f1754d82f76b2f895663ea32ad62a816,CAPD-MIC-1.0,"{""dram_read_cost"": 1.0, ""dram_write_cost"": 1.0, ""migration_cost"": 10.0, ""nvm_read_cost"": 2.0, ""nvm_write_cost"": 8.0}",fd9f3359900bdf868d9e985f967428aa6588c79b6d4944d08864b09cfbc51589,capd_finals_v3_official_data_v1,d42012b4222091383fc3dfd7eb084dfe4c714512f067aaf7620d37dc844f4fa8,3259,,0.0010125406552106142,none,64,empty,"{""B"": 64, ""D"": 64, ""H"": 10, ""Hc"": 256, ""K"": 8, ""L"": 256, ""Lres"": 256, ""approx_ndcg_alpha"": 10.0, ""artifact_class"": ""official"", ""contract_id"": ""CAPD-MIC-1.0"", ""dirty_demotion_nvm_write"": ""none"", ""dram_initial_state"": ""empty"", ""first_touch_accounting"": ""nvm_access"", ""initial_residency"": ""all_trace_pages_in_nvm"", ""lru_direction"": ""oldest_is_one"", ""nvm_capacity_pages"": null, ""page_oov"": ""unk"", ""page_state_dim"": 4, ""page_vocab_fit"": ""train_only"", ""pc_oov"": ""unk"", ""pc_vocab_fit"": ""train_only"", ""position_encoding"": ""sinusoidal"", ""run_profile"": ""official"", ""schema_version"": ""capd_finals_v3_0"", ""selector_recall_tie"": ""any_hit"", ""shared_page_embedding"": true, ""tail_policy"": ""drop_incomplete_window"", ""trace_page_backing"": ""all_trace_pages"", ""training_scope"": ""per_workload"", ""validation_guard_accesses"": 256, ""validation_holdout_fraction"": 0.2, ""validation_strategy"": ""independent_valid_trace""}",nvm_access,2bd07f29a639d54db5180b57651842ce95dd3014,0.996677,99.6677,996677,all_trace_pages_in_nvm,,,3259,3323,,lru,,1777,1546,lru,0,0.0,0,official,0,COMPLETED,capd_finals_v3_0,,,1c04935e3188eed4d2e7d6217b2e156253448b2967c26905353476190dd8f439,"{""test"": ""02290e3d22516bffdf9025b740c4c955b1021f9255f2a3f795835296b3bd1b3e"", ""train"": ""1c505939b9041ae4c0d3a6cb8fed653a45a42aab74a7b74f7d73f3d333b9f716"", ""valid"": ""19ea50b168cd601e3bb52e24f07102402cc7315b7f30895ff4ee0da1c8a931c8""}",02290e3d22516bffdf9025b740c4c955b1021f9255f2a3f795835296b3bd1b3e,False,1000000,all_trace_pages,dataset/processed/finals_v3_official/dedup_pressure/test.csv,1045189.0,dedup_pressure,dedup_pressure
official,0.02191095534666664,64,,,"{""avg_selector_time_ms"": 0.0, ""decision_count"": 0, ""max_B_t"": 0, ""max_K_t"": 0, ""mean_B_t"": 0.0, ""mean_K_t"": 0.0, ""min_B_t"": 0, ""min_K_t"": 0, ""selector_time_seconds"": 0.0}",full_dram,,,qmap/qmap_eval.py --config /home/likc/Q-former-for-OS/dataset/jsonl/finals_v3_official/dedup_pressure/B64/resolved_config.json --policy lfu --json_output /home/likc/Q-former-for-OS/outputs/results/finals_v3_official/stage5_main/raw/dedup_pressure/lfu/run.json,bb1f255f64fee0706bff0dbbdb45f712f1754d82f76b2f895663ea32ad62a816,CAPD-MIC-1.0,"{""dram_read_cost"": 1.0, ""dram_write_cost"": 1.0, ""migration_cost"": 10.0, ""nvm_read_cost"": 2.0, ""nvm_write_cost"": 8.0}",fd9f3359900bdf868d9e985f967428aa6588c79b6d4944d08864b09cfbc51589,capd_finals_v3_official_data_v1,d42012b4222091383fc3dfd7eb084dfe4c714512f067aaf7620d37dc844f4fa8,98193,,2.1515024383552372,none,64,empty,"{""B"": 64, ""D"": 64, ""H"": 10, ""Hc"": 256, ""K"": 8, ""L"": 256, ""Lres"": 256, ""approx_ndcg_alpha"": 10.0, ""artifact_class"": ""official"", ""contract_id"": ""CAPD-MIC-1.0"", ""dirty_demotion_nvm_write"": ""none"", ""dram_initial_state"": ""empty"", ""first_touch_accounting"": ""nvm_access"", ""initial_residency"": ""all_trace_pages_in_nvm"", ""lru_direction"": ""oldest_is_one"", ""nvm_capacity_pages"": null, ""page_oov"": ""unk"", ""page_state_dim"": 4, ""page_vocab_fit"": ""train_only"", ""pc_oov"": ""unk"", ""pc_vocab_fit"": ""train_only"", ""position_encoding"": ""sinusoidal"", ""run_profile"": ""official"", ""schema_version"": ""capd_finals_v3_0"", ""selector_recall_tie"": ""any_hit"", ""shared_page_embedding"": true, ""tail_policy"": ""drop_incomplete_window"", ""trace_page_backing"": ""all_trace_pages"", ""training_scope"": ""per_workload"", ""validation_guard_accesses"": 256, ""validation_holdout_fraction"": 0.2, ""validation_strategy"": ""independent_valid_trace""}",nvm_access,2bd07f29a639d54db5180b57651842ce95dd3014,0.901743,90.1743,901743,all_trace_pages_in_nvm,,,98193,98257,,lfu,,49593,48664,lfu,0,0.0,0,official,0,COMPLETED,capd_finals_v3_0,,,1c04935e3188eed4d2e7d6217b2e156253448b2967c26905353476190dd8f439,"{""test"": ""02290e3d22516bffdf9025b740c4c955b1021f9255f2a3f795835296b3bd1b3e"", ""train"": ""1c505939b9041ae4c0d3a6cb8fed653a45a42aab74a7b74f7d73f3d333b9f716"", ""valid"": ""19ea50b168cd601e3bb52e24f07102402cc7315b7f30895ff4ee0da1c8a931c8""}",02290e3d22516bffdf9025b740c4c955b1021f9255f2a3f795835296b3bd1b3e,False,1000000,all_trace_pages,dataset/processed/finals_v3_official/dedup_pressure/test.csv,2372171.0,dedup_pressure,dedup_pressure
official,0.0013782320866822502,64,,,"{""avg_selector_time_ms"": 0.0, ""decision_count"": 0, ""max_B_t"": 0, ""max_K_t"": 0, ""mean_B_t"": 0.0, ""mean_K_t"": 0.0, ""min_B_t"": 0, ""min_K_t"": 0, ""selector_time_seconds"": 0.0}",full_dram,,,qmap/qmap_eval.py --config /home/likc/Q-former-for-OS/dataset/jsonl/finals_v3_official/dedup_pressure/B64/resolved_config.json --policy clock --json_output /home/likc/Q-former-for-OS/outputs/results/finals_v3_official/stage5_main/raw/dedup_pressure/clock/run.json,bb1f255f64fee0706bff0dbbdb45f712f1754d82f76b2f895663ea32ad62a816,CAPD-MIC-1.0,"{""dram_read_cost"": 1.0, ""dram_write_cost"": 1.0, ""migration_cost"": 10.0, ""nvm_read_cost"": 2.0, ""nvm_write_cost"": 8.0}",fd9f3359900bdf868d9e985f967428aa6588c79b6d4944d08864b09cfbc51589,capd_finals_v3_official_data_v1,d42012b4222091383fc3dfd7eb084dfe4c714512f067aaf7620d37dc844f4fa8,3267,,0.004502684227190912,none,64,empty,"{""B"": 64, ""D"": 64, ""H"": 10, ""Hc"": 256, ""K"": 8, ""L"": 256, ""Lres"": 256, ""approx_ndcg_alpha"": 10.0, ""artifact_class"": ""official"", ""contract_id"": ""CAPD-MIC-1.0"", ""dirty_demotion_nvm_write"": ""none"", ""dram_initial_state"": ""empty"", ""first_touch_accounting"": ""nvm_access"", ""initial_residency"": ""all_trace_pages_in_nvm"", ""lru_direction"": ""oldest_is_one"", ""nvm_capacity_pages"": null, ""page_oov"": ""unk"", ""page_state_dim"": 4, ""page_vocab_fit"": ""train_only"", ""pc_oov"": ""unk"", ""pc_vocab_fit"": ""train_only"", ""position_encoding"": ""sinusoidal"", ""run_profile"": ""official"", ""schema_version"": ""capd_finals_v3_0"", ""selector_recall_tie"": ""any_hit"", ""shared_page_embedding"": true, ""tail_policy"": ""drop_incomplete_window"", ""trace_page_backing"": ""all_trace_pages"", ""training_scope"": ""per_workload"", ""validation_guard_accesses"": 256, ""validation_holdout_fraction"": 0.2, ""validation_strategy"": ""independent_valid_trace""}",nvm_access,2bd07f29a639d54db5180b57651842ce95dd3014,0.996669,99.6669,996669,all_trace_pages_in_nvm,,,3267,3331,,clock,,1781,1550,clock,0,0.0,0,official,0,COMPLETED,capd_finals_v3_0,,,1c04935e3188eed4d2e7d6217b2e156253448b2967c26905353476190dd8f439,"{""test"": ""02290e3d22516bffdf9025b740c4c955b1021f9255f2a3f795835296b3bd1b3e"", ""train"": ""1c505939b9041ae4c0d3a6cb8fed653a45a42aab74a7b74f7d73f3d333b9f716"", ""valid"": ""19ea50b168cd601e3bb52e24f07102402cc7315b7f30895ff4ee0da1c8a931c8""}",02290e3d22516bffdf9025b740c4c955b1021f9255f2a3f795835296b3bd1b3e,False,1000000,all_trace_pages,dataset/processed/finals_v3_official/dedup_pressure/test.csv,1045301.0,dedup_pressure,dedup_pressure
official,0.06650742916398873,8,,,"{""avg_selector_time_ms"": 0.0, ""decision_count"": 0, ""max_B_t"": 0, ""max_K_t"": 0, ""mean_B_t"": 0.0, ""mean_K_t"": 0.0, ""min_B_t"": 0, ""min_K_t"": 0, ""selector_time_seconds"": 0.0}",native_lru_tail_8,,,qmap/qmap_eval.py --config /home/likc/Q-former-for-OS/dataset/jsonl/finals_v3_official/dedup_pressure/B64/resolved_config.json --policy kleio_lite --learned_model /home/likc/Q-former-for-OS/outputs/results/finals_v3_official/stage5_learned_baselines/models/dedup_pressure/kleio_lite.json --json_output /home/likc/Q-former-for-OS/outputs/results/finals_v3_official/stage5_learned_baselines/raw/dedup_pressure/kleio_lite.json,bb1f255f64fee0706bff0dbbdb45f712f1754d82f76b2f895663ea32ad62a816,CAPD-MIC-1.0,"{""dram_read_cost"": 1.0, ""dram_write_cost"": 1.0, ""migration_cost"": 10.0, ""nvm_read_cost"": 2.0, ""nvm_write_cost"": 8.0}",fd9f3359900bdf868d9e985f967428aa6588c79b6d4944d08864b09cfbc51589,capd_finals_v3_official_data_v1,d42012b4222091383fc3dfd7eb084dfe4c714512f067aaf7620d37dc844f4fa8,3259,,0.21674771164543927,none,64,empty,"{""B"": 64, ""D"": 64, ""H"": 10, ""Hc"": 256, ""K"": 8, ""L"": 256, ""Lres"": 256, ""approx_ndcg_alpha"": 10.0, ""artifact_class"": ""official"", ""contract_id"": ""CAPD-MIC-1.0"", ""dirty_demotion_nvm_write"": ""none"", ""dram_initial_state"": ""empty"", ""first_touch_accounting"": ""nvm_access"", ""initial_residency"": ""all_trace_pages_in_nvm"", ""lru_direction"": ""oldest_is_one"", ""nvm_capacity_pages"": null, ""page_oov"": ""unk"", ""page_state_dim"": 4, ""page_vocab_fit"": ""train_only"", ""pc_oov"": ""unk"", ""pc_vocab_fit"": ""train_only"", ""position_encoding"": ""sinusoidal"", ""run_profile"": ""official"", ""schema_version"": ""capd_finals_v3_0"", ""selector_recall_tie"": ""any_hit"", ""shared_page_embedding"": true, ""tail_policy"": ""drop_incomplete_window"", ""trace_page_backing"": ""all_trace_pages"", ""training_scope"": ""per_workload"", ""validation_guard_accesses"": 256, ""validation_holdout_fraction"": 0.2, ""validation_strategy"": ""independent_valid_trace""}",nvm_access,2bd07f29a639d54db5180b57651842ce95dd3014,0.996677,99.6677,996677,all_trace_pages_in_nvm,/home/likc/Q-former-for-OS/outputs/results/finals_v3_official/stage5_learned_baselines/models/dedup_pressure/kleio_lite.json,facc30729af50f7893e91f6c88846c723e176f430bbd00d12d10b049cb899d93,3259,3323,,kleio_lite,,1777,1546,kleio_lite,0,0.0,0,official,0,COMPLETED,capd_finals_v3_0,,,1c04935e3188eed4d2e7d6217b2e156253448b2967c26905353476190dd8f439,"{""test"": ""02290e3d22516bffdf9025b740c4c955b1021f9255f2a3f795835296b3bd1b3e"", ""train"": ""1c505939b9041ae4c0d3a6cb8fed653a45a42aab74a7b74f7d73f3d333b9f716"", ""valid"": ""19ea50b168cd601e3bb52e24f07102402cc7315b7f30895ff4ee0da1c8a931c8""}",02290e3d22516bffdf9025b740c4c955b1021f9255f2a3f795835296b3bd1b3e,False,1000000,all_trace_pages,dataset/processed/finals_v3_official/dedup_pressure/test.csv,1045189.0,dedup_pressure,dedup_pressure
official,0.21351068440668144,8,,,"{""avg_selector_time_ms"": 0.0, ""decision_count"": 0, ""max_B_t"": 0, ""max_K_t"": 0, ""mean_B_t"": 0.0, ""mean_K_t"": 0.0, ""min_B_t"": 0, ""min_K_t"": 0, ""selector_time_seconds"": 0.0}",native_lru_tail_8,,,qmap/qmap_eval.py --config /home/likc/Q-former-for-OS/dataset/jsonl/finals_v3_official/dedup_pressure/B64/resolved_config.json --policy patterns_lite --learned_model /home/likc/Q-former-for-OS/outputs/results/finals_v3_official/stage5_learned_baselines/models/dedup_pressure/patterns_lite.json --json_output /home/likc/Q-former-for-OS/outputs/results/finals_v3_official/stage5_learned_baselines/raw/dedup_pressure/patterns_lite.json,bb1f255f64fee0706bff0dbbdb45f712f1754d82f76b2f895663ea32ad62a816,CAPD-MIC-1.0,"{""dram_read_cost"": 1.0, ""dram_write_cost"": 1.0, ""migration_cost"": 10.0, ""nvm_read_cost"": 2.0, ""nvm_write_cost"": 8.0}",fd9f3359900bdf868d9e985f967428aa6588c79b6d4944d08864b09cfbc51589,capd_finals_v3_official_data_v1,d42012b4222091383fc3dfd7eb084dfe4c714512f067aaf7620d37dc844f4fa8,3259,,0.6958313204813749,none,64,empty,"{""B"": 64, ""D"": 64, ""H"": 10, ""Hc"": 256, ""K"": 8, ""L"": 256, ""Lres"": 256, ""approx_ndcg_alpha"": 10.0, ""artifact_class"": ""official"", ""contract_id"": ""CAPD-MIC-1.0"", ""dirty_demotion_nvm_write"": ""none"", ""dram_initial_state"": ""empty"", ""first_touch_accounting"": ""nvm_access"", ""initial_residency"": ""all_trace_pages_in_nvm"", ""lru_direction"": ""oldest_is_one"", ""nvm_capacity_pages"": null, ""page_oov"": ""unk"", ""page_state_dim"": 4, ""page_vocab_fit"": ""train_only"", ""pc_oov"": ""unk"", ""pc_vocab_fit"": ""train_only"", ""position_encoding"": ""sinusoidal"", ""run_profile"": ""official"", ""schema_version"": ""capd_finals_v3_0"", ""selector_recall_tie"": ""any_hit"", ""shared_page_embedding"": true, ""tail_policy"": ""drop_incomplete_window"", ""trace_page_backing"": ""all_trace_pages"", ""training_scope"": ""per_workload"", ""validation_guard_accesses"": 256, ""validation_holdout_fraction"": 0.2, ""validation_strategy"": ""independent_valid_trace""}",nvm_access,2bd07f29a639d54db5180b57651842ce95dd3014,0.996677,99.6677,996677,all_trace_pages_in_nvm,/home/likc/Q-former-for-OS/outputs/results/finals_v3_official/stage5_learned_baselines/models/dedup_pressure/patterns_lite.json,2c73923aa52334e9c91a1313bfd2ca4dbe2ceb9724b064612134a108f2d8c637,3259,3323,,patterns_lite,,1777,1546,patterns_lite,0,0.0,0,official,0,COMPLETED,capd_finals_v3_0,,,1c04935e3188eed4d2e7d6217b2e156253448b2967c26905353476190dd8f439,"{""test"": ""02290e3d22516bffdf9025b740c4c955b1021f9255f2a3f795835296b3bd1b3e"", ""train"": ""1c505939b9041ae4c0d3a6cb8fed653a45a42aab74a7b74f7d73f3d333b9f716"", ""valid"": ""19ea50b168cd601e3bb52e24f07102402cc7315b7f30895ff4ee0da1c8a931c8""}",02290e3d22516bffdf9025b740c4c955b1021f9255f2a3f795835296b3bd1b3e,False,1000000,all_trace_pages,dataset/processed/finals_v3_official/dedup_pressure/test.csv,1045189.0,dedup_pressure,dedup_pressure
