artifact_class,full_cost,seed,variant_cost,variant_id,variant_improvement_over_full_percent,variant_minus_full,workload
official,229156.0,3136859,227209.0,no_filter_B8_K8,0.8496395468589083,-1947.0,canneal
official,226318.0,42,226560.0,no_filter_B8_K8,-0.10692918813351125,242.0,canneal
official,227011.0,2026,226967.0,no_filter_B8_K8,0.01938232068049566,-44.0,canneal
official,229156.0,3136859,528939.0,selector_drop_Delta,-130.820489099129,299783.0,canneal
official,226318.0,42,275966.0,selector_drop_Delta,-21.937274101043663,49648.0,canneal
official,227011.0,2026,341176.0,selector_drop_Delta,-50.29051455656334,114165.0,canneal
official,229156.0,3136859,246019.0,selector_drop_A,-7.35874251601529,16863.0,canneal
official,226318.0,42,228056.0,selector_drop_A,-0.7679459875043081,1738.0,canneal
official,227011.0,2026,232841.0,selector_drop_A,-2.568157490165675,5830.0,canneal
official,229156.0,3136859,246019.0,selector_drop_W,-7.35874251601529,16863.0,canneal
official,226318.0,42,228045.0,selector_drop_W,-0.7630855698618758,1727.0,canneal
official,227011.0,2026,232841.0,selector_drop_W,-2.568157490165675,5830.0,canneal
official,229156.0,3136859,226021.0,selector_drop_C,1.3680636771456998,-3135.0,canneal
official,226318.0,42,226417.0,selector_drop_C,-0.04374375878189097,99.0,canneal
official,227011.0,2026,226032.0,selector_drop_C,0.4312566351410284,-979.0,canneal
official,229156.0,3136859,584392.0,selector_drop_R,-155.01928817050396,355236.0,canneal
official,226318.0,42,308334.0,selector_drop_R,-36.239273941975455,82016.0,canneal
official,227011.0,2026,544488.0,selector_drop_R,-139.85093233367547,317477.0,canneal
official,229156.0,3136859,227836.0,no_position_encoding,0.5760268114297684,-1320.0,canneal
official,226318.0,42,227792.0,no_position_encoding,-0.6512959640859322,1474.0,canneal
official,227011.0,2026,226516.0,no_position_encoding,0.21805110765557617,-495.0,canneal
official,229156.0,3136859,226978.0,no_candidate_state,0.9504442388591179,-2178.0,canneal
official,226318.0,42,226945.0,no_candidate_state,-0.2770438056186428,627.0,canneal
official,227011.0,2026,226978.0,no_candidate_state,0.014536740510371744,-33.0,canneal
official,229156.0,3136859,225911.0,history_mean_pool,1.416065911431514,-3245.0,canneal
official,226318.0,42,227495.0,history_mean_pool,-0.5200646877402593,1177.0,canneal
official,227011.0,2026,226802.0,history_mean_pool,0.09206602323235438,-209.0,canneal
official,229156.0,3136859,229156.0,no_future_write,0.0,0.0,canneal
official,226318.0,42,226318.0,no_future_write,0.0,0.0,canneal
official,227011.0,2026,227011.0,no_future_write,0.0,0.0,canneal
official,230628.0,3136859,230628.0,no_filter_B8_K8,0.0,0.0,streamcluster_pressure
official,230628.0,42,230628.0,no_filter_B8_K8,0.0,0.0,streamcluster_pressure
official,230628.0,2026,230628.0,no_filter_B8_K8,0.0,0.0,streamcluster_pressure
official,230628.0,3136859,230628.0,selector_drop_Delta,0.0,0.0,streamcluster_pressure
official,230628.0,42,230628.0,selector_drop_Delta,0.0,0.0,streamcluster_pressure
official,230628.0,2026,230628.0,selector_drop_Delta,0.0,0.0,streamcluster_pressure
official,230628.0,3136859,230628.0,selector_drop_A,0.0,0.0,streamcluster_pressure
official,230628.0,42,230628.0,selector_drop_A,0.0,0.0,streamcluster_pressure
official,230628.0,2026,230628.0,selector_drop_A,0.0,0.0,streamcluster_pressure
official,230628.0,3136859,230628.0,selector_drop_W,0.0,0.0,streamcluster_pressure
official,230628.0,42,230628.0,selector_drop_W,0.0,0.0,streamcluster_pressure
official,230628.0,2026,230628.0,selector_drop_W,0.0,0.0,streamcluster_pressure
official,230628.0,3136859,230650.0,selector_drop_C,-0.009539171306172711,22.0,streamcluster_pressure
official,230628.0,42,230628.0,selector_drop_C,0.0,0.0,streamcluster_pressure
official,230628.0,2026,230645.0,selector_drop_C,-0.007371177827497095,17.0,streamcluster_pressure
official,230628.0,3136859,230628.0,selector_drop_R,0.0,0.0,streamcluster_pressure
official,230628.0,42,230628.0,selector_drop_R,0.0,0.0,streamcluster_pressure
official,230628.0,2026,230628.0,selector_drop_R,0.0,0.0,streamcluster_pressure
official,230628.0,3136859,230628.0,no_position_encoding,0.0,0.0,streamcluster_pressure
official,230628.0,42,230650.0,no_position_encoding,-0.009539171306172711,22.0,streamcluster_pressure
official,230628.0,2026,230628.0,no_position_encoding,0.0,0.0,streamcluster_pressure
official,230628.0,3136859,230639.0,no_candidate_state,-0.004769585653086356,11.0,streamcluster_pressure
official,230628.0,42,230639.0,no_candidate_state,-0.004769585653086356,11.0,streamcluster_pressure
official,230628.0,2026,230650.0,no_candidate_state,-0.009539171306172711,22.0,streamcluster_pressure
official,230628.0,3136859,230628.0,history_mean_pool,0.0,0.0,streamcluster_pressure
official,230628.0,42,230628.0,history_mean_pool,0.0,0.0,streamcluster_pressure
official,230628.0,2026,230617.0,history_mean_pool,0.004769585653086356,-11.0,streamcluster_pressure
official,230628.0,3136859,230628.0,no_future_write,0.0,0.0,streamcluster_pressure
official,230628.0,42,230628.0,no_future_write,0.0,0.0,streamcluster_pressure
official,230628.0,2026,230628.0,no_future_write,0.0,0.0,streamcluster_pressure
official,1045555.0,3136859,1045138.0,no_filter_B8_K8,0.03988312427371109,-417.0,dedup_pressure
official,1045275.0,42,1045145.0,no_filter_B8_K8,0.01243691851426658,-130.0,dedup_pressure
official,1045434.0,2026,1045155.0,no_filter_B8_K8,0.02668748098875682,-279.0,dedup_pressure
official,1045555.0,3136859,1046116.0,selector_drop_Delta,-0.05365571395096384,561.0,dedup_pressure
official,1045275.0,42,1045781.0,selector_drop_Delta,-0.04840831360168377,506.0,dedup_pressure
official,1045434.0,2026,1056940.0,selector_drop_Delta,-1.1005955421384803,11506.0,dedup_pressure
official,1045555.0,3136859,1045940.0,selector_drop_A,-0.036822548789877146,385.0,dedup_pressure
official,1045275.0,42,1045341.0,selector_drop_A,-0.006314127861089187,66.0,dedup_pressure
official,1045434.0,2026,1061340.0,selector_drop_A,-1.5214733785203083,15906.0,dedup_pressure
official,1045555.0,3136859,1045709.0,selector_drop_W,-0.01472901951595086,154.0,dedup_pressure
official,1045275.0,42,1045363.0,selector_drop_W,-0.008418837148118917,88.0,dedup_pressure
official,1045434.0,2026,1046116.0,selector_drop_W,-0.06523606463918334,682.0,dedup_pressure
official,1045555.0,3136859,1045095.0,selector_drop_C,0.04399577258011295,-460.0,dedup_pressure
official,1045275.0,42,1044859.0,selector_drop_C,0.03979813924565306,-416.0,dedup_pressure
official,1045434.0,2026,1044984.0,selector_drop_C,0.04304432417541423,-450.0,dedup_pressure
official,1045555.0,3136859,1046738.0,selector_drop_R,-0.11314564991798613,1183.0,dedup_pressure
official,1045275.0,42,1046287.0,selector_drop_R,-0.09681662720336753,1012.0,dedup_pressure
official,1045434.0,2026,1123963.0,selector_drop_R,-7.511617184824676,78529.0,dedup_pressure
official,1045555.0,3136859,1045616.0,no_position_encoding,-0.0058342220160584575,61.0,dedup_pressure
official,1045275.0,42,1045286.0,no_position_encoding,-0.0010523546435148646,11.0,dedup_pressure
official,1045434.0,2026,1045583.0,no_position_encoding,-0.014252454004748267,149.0,dedup_pressure
official,1045555.0,3136859,1045126.0,no_candidate_state,0.04103084008014882,-429.0,dedup_pressure
official,1045275.0,42,1044994.0,no_candidate_state,0.026882877711606995,-281.0,dedup_pressure
official,1045434.0,2026,1044939.0,no_candidate_state,0.04734875659295565,-495.0,dedup_pressure
official,1045555.0,3136859,1045121.0,history_mean_pool,0.04150905499949787,-434.0,dedup_pressure
official,1045275.0,42,1045588.0,history_mean_pool,-0.029944273038195694,313.0,dedup_pressure
official,1045434.0,2026,1045434.0,history_mean_pool,0.0,0.0,dedup_pressure
official,1045555.0,3136859,1045555.0,no_future_write,0.0,0.0,dedup_pressure
official,1045275.0,42,1045275.0,no_future_write,0.0,0.0,dedup_pressure
official,1045434.0,2026,1045434.0,no_future_write,0.0,0.0,dedup_pressure
