average_free_frames,capacity_ratio,dram_hits,dram_pages,early_reuse_1024_count,early_reuse_1024_rate,early_reuse_256_count,early_reuse_256_rate,early_reuse_64_count,early_reuse_64_rate,emergency_demotions,fallback_rate,job_id,minimum_free_frames,nvm_reads,nvm_writes,policy,proactive_demotions,seed,semantic_result_sha256,total_demotions,wasted_demotion_count,weighted_cost,weighted_cost_per_access,workload,workload_role
274.7086116666667,0.20,598566,889,0,0.0,0,0.0,0,0.0,0,0.0,canneal__r020__reactive_lru__seed-na,0,1,1433,reactive_lru,0,,d1fbb1ad65ca18799e294b53a11f91d9ec3ef822f9fb33d152340a89611ff836,545,0,615482,1.0258033333333334,canneal,seen_calibration_workload
279.32651,0.20,598566,889,0,0.0,0,0.0,0,0.0,0,0.0,canneal__r020__proactive_lru__seed-na,7,1,1433,proactive_lru,558,,7ffe1659a604f6f7225d9fdc6fe649da9109a29061071e4f5ae1de36f160e388,558,558,615612,1.02602,canneal,seen_calibration_workload
279.32651,0.20,598566,889,0,0.0,0,0.0,0,0.0,0,0.0,canneal__r020__proactive_clock__seed-na,7,1,1433,proactive_clock,558,,591286cb270efbe722e8b6bde0ba0e1d5e00841775fef6af4e03ef34d1b6d363,558,558,615612,1.02602,canneal,seen_calibration_workload
279.32651,0.20,598566,889,0,0.0,0,0.0,0,0.0,0,0.0,canneal__r020__tpp_inspired__seed-na,7,1,1433,tpp_inspired,558,,4f31bf325269bb79f73b4c8c9e40a71e4c937bae49f13d143faed46e162b0c2c,558,558,615612,1.02602,canneal,seen_calibration_workload
279.32651,0.20,598566,889,0,0.0,0,0.0,0,0.0,0,0.0,canneal__r020__oracle__seed-na,7,1,1433,oracle,558,,419c26723094c7090481faac65170b63bac4c8a992fa32614134a9cf728b9cea,558,558,615612,1.02602,canneal,seen_calibration_workload
279.32651,0.20,598566,889,0,0.0,0,0.0,0,0.0,0,0.0,canneal__r020__capd__seed-3136859,7,1,1433,capd,558,3136859,a802f575cb0ddc65451bbd1dbc07e92c91ee02143a923b1b0a85593d9d30de0e,558,558,615612,1.02602,canneal,seen_calibration_workload
279.32651,0.20,598566,889,0,0.0,0,0.0,0,0.0,0,0.0,canneal__r020__capd__seed-42,7,1,1433,capd,558,42,89866a9f75a87928a3af9bb145fbf6d66c04f5d30d2e68eafcda376a3b02e50e,558,558,615612,1.02602,canneal,seen_calibration_workload
279.32651,0.20,598566,889,0,0.0,0,0.0,0,0.0,0,0.0,canneal__r020__capd__seed-2026,7,1,1433,capd,558,2026,6b4058b8e9757553b9046b1c514f1a7df391356c6b3c4657d1b43db7875d2e4b,558,558,615612,1.02602,canneal,seen_calibration_workload
1059.94251,0.40,598566,1778,0,0.0,0,0.0,0,0.0,0,0.0,canneal__r040__reactive_lru__seed-na,344,1,1433,reactive_lru,0,,9098d512506074316f9c85ffb4bdb150ff61c61ca8e2e8653651326e02eda65f,0,0,610032,1.01672,canneal,seen_calibration_workload
1059.94251,0.40,598566,1778,0,0.0,0,0.0,0,0.0,0,0.0,canneal__r040__proactive_lru__seed-na,344,1,1433,proactive_lru,0,,59e9b02f8b0c246eb170407e67b7d10a176ee6b94e3b2091a0ec01d1cb68c652,0,0,610032,1.01672,canneal,seen_calibration_workload
1059.94251,0.40,598566,1778,0,0.0,0,0.0,0,0.0,0,0.0,canneal__r040__proactive_clock__seed-na,344,1,1433,proactive_clock,0,,dfdea111366baaff3a7c8bb39eef53eb8ae17b843c95a0c4337afd7862b08d10,0,0,610032,1.01672,canneal,seen_calibration_workload
1059.94251,0.40,598566,1778,0,0.0,0,0.0,0,0.0,0,0.0,canneal__r040__tpp_inspired__seed-na,344,1,1433,tpp_inspired,0,,511ee6e8a5568a0afe5c1aa809a58ebc31674e9031f84d7efa819db881096b99,0,0,610032,1.01672,canneal,seen_calibration_workload
1059.94251,0.40,598566,1778,0,0.0,0,0.0,0,0.0,0,0.0,canneal__r040__oracle__seed-na,344,1,1433,oracle,0,,6ebde03b44db4fbc8d6200dead76607646d876b439115954243185c838d28f8d,0,0,610032,1.01672,canneal,seen_calibration_workload
1059.94251,0.40,598566,1778,0,0.0,0,0.0,0,0.0,0,0.0,canneal__r040__capd__seed-3136859,344,1,1433,capd,0,3136859,f39dd208a3c28a8109822ee5e6d10179cf6bdfcb8b7f5ae3bd3742b3cde8ae44,0,0,610032,1.01672,canneal,seen_calibration_workload
1059.94251,0.40,598566,1778,0,0.0,0,0.0,0,0.0,0,0.0,canneal__r040__capd__seed-42,344,1,1433,capd,0,42,0d598701452e23fe0ee774a86ee7e129086d01d3c4b8d59df7b096a6e4f8299b,0,0,610032,1.01672,canneal,seen_calibration_workload
1059.94251,0.40,598566,1778,0,0.0,0,0.0,0,0.0,0,0.0,canneal__r040__capd__seed-2026,344,1,1433,capd,0,2026,1447d58527d26691ad8aef7e29e9eb1a833ebe12711f520cdeef9514fbe0904b,0,0,610032,1.01672,canneal,seen_calibration_workload
1947.94251,0.60,598566,2666,0,0.0,0,0.0,0,0.0,0,0.0,canneal__r060__reactive_lru__seed-na,1232,1,1433,reactive_lru,0,,2444d15d80f0ea3ad7886b9afdc6fbe277045019fb4e96b28c871dffbbe5d958,0,0,610032,1.01672,canneal,seen_calibration_workload
1947.94251,0.60,598566,2666,0,0.0,0,0.0,0,0.0,0,0.0,canneal__r060__proactive_lru__seed-na,1232,1,1433,proactive_lru,0,,ae7e7d8fc004b2d66c95606b8ed8311dc5f4ca26b62747398d9dbabfd93c3906,0,0,610032,1.01672,canneal,seen_calibration_workload
1947.94251,0.60,598566,2666,0,0.0,0,0.0,0,0.0,0,0.0,canneal__r060__proactive_clock__seed-na,1232,1,1433,proactive_clock,0,,9b6e896a9fd224d1016b7558afd45d93dd408242051a34960cfe88162340113f,0,0,610032,1.01672,canneal,seen_calibration_workload
1947.94251,0.60,598566,2666,0,0.0,0,0.0,0,0.0,0,0.0,canneal__r060__tpp_inspired__seed-na,1232,1,1433,tpp_inspired,0,,317a7f90cf2a13cc2048b5e790895af844bc502fcde44e00ec7939429d412f0e,0,0,610032,1.01672,canneal,seen_calibration_workload
1947.94251,0.60,598566,2666,0,0.0,0,0.0,0,0.0,0,0.0,canneal__r060__oracle__seed-na,1232,1,1433,oracle,0,,d54681ce8968a802393b5984363d14150a9185f7e936f8ffa33aa4b6efe82e4a,0,0,610032,1.01672,canneal,seen_calibration_workload
1947.94251,0.60,598566,2666,0,0.0,0,0.0,0,0.0,0,0.0,canneal__r060__capd__seed-3136859,1232,1,1433,capd,0,3136859,6ed4e9f120df35c0475186b6f60453a0b5f1b0783de598a79e68a2f155191f28,0,0,610032,1.01672,canneal,seen_calibration_workload
1947.94251,0.60,598566,2666,0,0.0,0,0.0,0,0.0,0,0.0,canneal__r060__capd__seed-42,1232,1,1433,capd,0,42,2c72bdb42676237bc8c46c061deaaa4c9f33cc66e5afccc872d61368b7c6b201,0,0,610032,1.01672,canneal,seen_calibration_workload
1947.94251,0.60,598566,2666,0,0.0,0,0.0,0,0.0,0,0.0,canneal__r060__capd__seed-2026,1232,1,1433,capd,0,2026,74c1da733c03014fdaa8c11b96bd4d3b903e6068c42f06d5bea4e5918357516a,0,0,610032,1.01672,canneal,seen_calibration_workload
369.3860883333333,0.20,599976,385,0,0.0,0,0.0,0,0.0,0,0.0,streamcluster_pressure__r020__reactive_lru__seed-na,361,5,19,reactive_lru,0,,540bf30f91c59b073a7be670fd102156beeebd4681a2295de8a9f9852490e4b2,0,0,600138,1.00023,streamcluster_pressure,seen_calibration_workload
369.3860883333333,0.20,599976,385,0,0.0,0,0.0,0,0.0,0,0.0,streamcluster_pressure__r020__proactive_lru__seed-na,361,5,19,proactive_lru,0,,38aa8cc689548ef2cf90251303e29ca51cb4e5e61ed31ab4a897038af34481cd,0,0,600138,1.00023,streamcluster_pressure,seen_calibration_workload
369.3860883333333,0.20,599976,385,0,0.0,0,0.0,0,0.0,0,0.0,streamcluster_pressure__r020__proactive_clock__seed-na,361,5,19,proactive_clock,0,,34795c81d8c6ab6aadafd77fa1a69ac2dd8ab9138b9a37dbd8812d455fb375fe,0,0,600138,1.00023,streamcluster_pressure,seen_calibration_workload
369.3860883333333,0.20,599976,385,0,0.0,0,0.0,0,0.0,0,0.0,streamcluster_pressure__r020__tpp_inspired__seed-na,361,5,19,tpp_inspired,0,,6d27d8ef4978fb7f6492250abcf518caa811e9e1520e1384ae0b4d6efd8066de,0,0,600138,1.00023,streamcluster_pressure,seen_calibration_workload
369.3860883333333,0.20,599976,385,0,0.0,0,0.0,0,0.0,0,0.0,streamcluster_pressure__r020__oracle__seed-na,361,5,19,oracle,0,,2bd71901dbf66d0c9b5870a1060527c8ad2b7da171e2182f3aedb34d47cf504e,0,0,600138,1.00023,streamcluster_pressure,seen_calibration_workload
369.3860883333333,0.20,599976,385,0,0.0,0,0.0,0,0.0,0,0.0,streamcluster_pressure__r020__capd__seed-3136859,361,5,19,capd,0,3136859,cf780a23238a124f360dfcda846015332814cbe146c9548e4f36c1009b2f97cd,0,0,600138,1.00023,streamcluster_pressure,seen_calibration_workload
369.3860883333333,0.20,599976,385,0,0.0,0,0.0,0,0.0,0,0.0,streamcluster_pressure__r020__capd__seed-42,361,5,19,capd,0,42,b98265630328306d435f7f1ab04b963f67412e44fe58a079462fbbdd12987e39,0,0,600138,1.00023,streamcluster_pressure,seen_calibration_workload
369.3860883333333,0.20,599976,385,0,0.0,0,0.0,0,0.0,0,0.0,streamcluster_pressure__r020__capd__seed-2026,361,5,19,capd,0,2026,6f7faea6520a5969ef663f4be7d6344cfadd9f86f6a006172d56479287888878,0,0,600138,1.00023,streamcluster_pressure,seen_calibration_workload
753.3860883333333,0.40,599976,769,0,0.0,0,0.0,0,0.0,0,0.0,streamcluster_pressure__r040__reactive_lru__seed-na,745,5,19,reactive_lru,0,,cddfd8a268d96590009362f7aefcf07976d4cb96214d69c803294076d5a3c69f,0,0,600138,1.00023,streamcluster_pressure,seen_calibration_workload
753.3860883333333,0.40,599976,769,0,0.0,0,0.0,0,0.0,0,0.0,streamcluster_pressure__r040__proactive_lru__seed-na,745,5,19,proactive_lru,0,,15a6cade07475bad18d212fb82946b64629d35418b785e625a1f3c0ffe954e13,0,0,600138,1.00023,streamcluster_pressure,seen_calibration_workload
753.3860883333333,0.40,599976,769,0,0.0,0,0.0,0,0.0,0,0.0,streamcluster_pressure__r040__proactive_clock__seed-na,745,5,19,proactive_clock,0,,df0ad79485c2cb65ac9c4e1c694da46a5b7b68bb422f10b5054b94b15de64bb6,0,0,600138,1.00023,streamcluster_pressure,seen_calibration_workload
753.3860883333333,0.40,599976,769,0,0.0,0,0.0,0,0.0,0,0.0,streamcluster_pressure__r040__tpp_inspired__seed-na,745,5,19,tpp_inspired,0,,8e9061bb19285b9220514143a9bb309af35eb7780634cfc379e74ea9555cc4c6,0,0,600138,1.00023,streamcluster_pressure,seen_calibration_workload
753.3860883333333,0.40,599976,769,0,0.0,0,0.0,0,0.0,0,0.0,streamcluster_pressure__r040__oracle__seed-na,745,5,19,oracle,0,,2e4fed62cc53571d59bbd7bbb9a4bed9d773b9315529b7e0f9ffb3c10fbd8d6d,0,0,600138,1.00023,streamcluster_pressure,seen_calibration_workload
753.3860883333333,0.40,599976,769,0,0.0,0,0.0,0,0.0,0,0.0,streamcluster_pressure__r040__capd__seed-3136859,745,5,19,capd,0,3136859,d4adb828d10986a02c826d46cf483eade6cf393db8a10f090abe0aa5d97fd7b5,0,0,600138,1.00023,streamcluster_pressure,seen_calibration_workload
753.3860883333333,0.40,599976,769,0,0.0,0,0.0,0,0.0,0,0.0,streamcluster_pressure__r040__capd__seed-42,745,5,19,capd,0,42,be79e6f58f5f273b7b6c41a1743e9b0e224c4815a9eceace9581bb6e5cdec420,0,0,600138,1.00023,streamcluster_pressure,seen_calibration_workload
753.3860883333333,0.40,599976,769,0,0.0,0,0.0,0,0.0,0,0.0,streamcluster_pressure__r040__capd__seed-2026,745,5,19,capd,0,2026,490de92a93b9199fdeb1eb2e9737f3ebb9657ade3118a72c791d6030e0f5639d,0,0,600138,1.00023,streamcluster_pressure,seen_calibration_workload
1137.3860883333334,0.60,599976,1153,0,0.0,0,0.0,0,0.0,0,0.0,streamcluster_pressure__r060__reactive_lru__seed-na,1129,5,19,reactive_lru,0,,2b80dba06dacc6ca99e95f1a4902c216f9a4f67df248de0eee1489de50b34a8a,0,0,600138,1.00023,streamcluster_pressure,seen_calibration_workload
1137.3860883333334,0.60,599976,1153,0,0.0,0,0.0,0,0.0,0,0.0,streamcluster_pressure__r060__proactive_lru__seed-na,1129,5,19,proactive_lru,0,,e0528b8c863ff446ca38a13fce90db15910ba22665ac60eab43e05ba598398a6,0,0,600138,1.00023,streamcluster_pressure,seen_calibration_workload
1137.3860883333334,0.60,599976,1153,0,0.0,0,0.0,0,0.0,0,0.0,streamcluster_pressure__r060__proactive_clock__seed-na,1129,5,19,proactive_clock,0,,2354f223dc2d82caf01526f6fc16dd8965591173994cf19a7d33293a95136131,0,0,600138,1.00023,streamcluster_pressure,seen_calibration_workload
1137.3860883333334,0.60,599976,1153,0,0.0,0,0.0,0,0.0,0,0.0,streamcluster_pressure__r060__tpp_inspired__seed-na,1129,5,19,tpp_inspired,0,,21c151c74f2f64b611bc408dd8753e25e5e147e0b6dde7bb271672a2ad5ee548,0,0,600138,1.00023,streamcluster_pressure,seen_calibration_workload
1137.3860883333334,0.60,599976,1153,0,0.0,0,0.0,0,0.0,0,0.0,streamcluster_pressure__r060__oracle__seed-na,1129,5,19,oracle,0,,39572bb11ce8c527145c9428a8e6d24dfbd561e82552d9f2a8c25c728fae780b,0,0,600138,1.00023,streamcluster_pressure,seen_calibration_workload
1137.3860883333334,0.60,599976,1153,0,0.0,0,0.0,0,0.0,0,0.0,streamcluster_pressure__r060__capd__seed-3136859,1129,5,19,capd,0,3136859,8ce60e4f26cc39bb00b3f5d218101831b8d9a84e44454d55287ecb38a602f99b,0,0,600138,1.00023,streamcluster_pressure,seen_calibration_workload
1137.3860883333334,0.60,599976,1153,0,0.0,0,0.0,0,0.0,0,0.0,streamcluster_pressure__r060__capd__seed-42,1129,5,19,capd,0,42,fad03dd7da76071dde1e62626a6114a1ea8759e42d286dd7a7c0d887e5bc3044,0,0,600138,1.00023,streamcluster_pressure,seen_calibration_workload
1137.3860883333334,0.60,599976,1153,0,0.0,0,0.0,0,0.0,0,0.0,streamcluster_pressure__r060__capd__seed-2026,1129,5,19,capd,0,2026,6f6315a12eeb437c1c54bef79fe79c5bf81ad5df1047ab3c2f3537d33c189091,0,0,600138,1.00023,streamcluster_pressure,seen_calibration_workload
69.20399833333333,0.20,599729,197,0,0.0,0,0.0,0,0.0,0,0.0,dedup_pressure__r020__reactive_lru__seed-na,0,4,267,reactive_lru,0,,d33f0df25603ce59b7b0dd468a8328b285d28704848d77614913376345ecf07a,74,0,602613,1.004355,dedup_pressure,seen_calibration_workload
72.798765,0.20,599729,197,0,0.0,0,0.0,0,0.0,0,0.0,dedup_pressure__r020__proactive_lru__seed-na,7,4,267,proactive_lru,90,,04cb610ef9c58d5ae97c3be82e8dcdb4c1931f2176ee051585375b41830a8113,90,90,602773,1.0046216666666667,dedup_pressure,seen_calibration_workload
72.798765,0.20,599729,197,0,0.0,0,0.0,0,0.0,0,0.0,dedup_pressure__r020__proactive_clock__seed-na,7,4,267,proactive_clock,90,,0b75eb4a8549d54a5c5a6e78d5e50a69261217cd5ba079757889a176c9d28dde,90,90,602773,1.0046216666666667,dedup_pressure,seen_calibration_workload
72.798765,0.20,599729,197,0,0.0,0,0.0,0,0.0,0,0.0,dedup_pressure__r020__tpp_inspired__seed-na,7,4,267,tpp_inspired,90,,334d964340d482f198473671ea87f91d5d32aa44dd20124b4c6fbfd910a262dc,90,90,602773,1.0046216666666667,dedup_pressure,seen_calibration_workload
72.798765,0.20,599729,197,0,0.0,0,0.0,0,0.0,0,0.0,dedup_pressure__r020__oracle__seed-na,7,4,267,oracle,90,,bc2cdba7de1e789430e97e642388f5347aa9609655034650c977a1f708e08208,90,90,602773,1.0046216666666667,dedup_pressure,seen_calibration_workload
72.798765,0.20,599729,197,0,0.0,0,0.0,0,0.0,0,0.0,dedup_pressure__r020__capd__seed-3136859,7,4,267,capd,90,3136859,3e3f665415c0b4265c1b4fd0ef453457ee116528e9cb337134e5ec6de839c390,90,90,602773,1.0046216666666667,dedup_pressure,seen_calibration_workload
72.798765,0.20,599729,197,0,0.0,0,0.0,0,0.0,0,0.0,dedup_pressure__r020__capd__seed-42,7,4,267,capd,90,42,6aa05a885f67b51fa908d21e718b2b1c1efacb347cfe35da3eadca2b14fe8b53,90,90,602773,1.0046216666666667,dedup_pressure,seen_calibration_workload
72.798765,0.20,599729,197,0,0.0,0,0.0,0,0.0,0,0.0,dedup_pressure__r020__capd__seed-2026,7,4,267,capd,90,2026,daf45ad234d5f090918140c1db490d41e2998c1794fde7df2f032f31cadacf4d,90,90,602773,1.0046216666666667,dedup_pressure,seen_calibration_workload
254.829805,0.40,599729,393,0,0.0,0,0.0,0,0.0,0,0.0,dedup_pressure__r040__reactive_lru__seed-na,122,4,267,reactive_lru,0,,1b766124a677037a49703989e5461c86d963964487a431f368341a7c99bdb375,0,0,601873,1.0031216666666667,dedup_pressure,seen_calibration_workload
254.829805,0.40,599729,393,0,0.0,0,0.0,0,0.0,0,0.0,dedup_pressure__r040__proactive_lru__seed-na,122,4,267,proactive_lru,0,,057aec94f601d983cfd2bb7e07d2cfca4982e0d931ec0f322dfc0566fdc43dc5,0,0,601873,1.0031216666666667,dedup_pressure,seen_calibration_workload
254.829805,0.40,599729,393,0,0.0,0,0.0,0,0.0,0,0.0,dedup_pressure__r040__proactive_clock__seed-na,122,4,267,proactive_clock,0,,704a1a84107052a7b7880b37ba76576de37b1dcba3472a6961f565d313f346ad,0,0,601873,1.0031216666666667,dedup_pressure,seen_calibration_workload
254.829805,0.40,599729,393,0,0.0,0,0.0,0,0.0,0,0.0,dedup_pressure__r040__tpp_inspired__seed-na,122,4,267,tpp_inspired,0,,85ba7d95047cbfa4148ff2d4b3243636b7ae62251b8f7de3c8c1b3a4d5f6cff1,0,0,601873,1.0031216666666667,dedup_pressure,seen_calibration_workload
254.829805,0.40,599729,393,0,0.0,0,0.0,0,0.0,0,0.0,dedup_pressure__r040__oracle__seed-na,122,4,267,oracle,0,,307a5a031360995a1187e191b4a2b2e89fd0ffed7b40a730d48b030e77970c5f,0,0,601873,1.0031216666666667,dedup_pressure,seen_calibration_workload
254.829805,0.40,599729,393,0,0.0,0,0.0,0,0.0,0,0.0,dedup_pressure__r040__capd__seed-3136859,122,4,267,capd,0,3136859,679bbc605a7d265c5d050edafad6dad2c42a08f03512ef251c4aec6153fa6488,0,0,601873,1.0031216666666667,dedup_pressure,seen_calibration_workload
254.829805,0.40,599729,393,0,0.0,0,0.0,0,0.0,0,0.0,dedup_pressure__r040__capd__seed-42,122,4,267,capd,0,42,908a46d644e1520631042d4130de18fbc14157055f2a7f21264208f4d000bf38,0,0,601873,1.0031216666666667,dedup_pressure,seen_calibration_workload
254.829805,0.40,599729,393,0,0.0,0,0.0,0,0.0,0,0.0,dedup_pressure__r040__capd__seed-2026,122,4,267,capd,0,2026,717ada02d2f03101d288fd9e8e396e55a4367ed577eaa67a633bba399552eb48,0,0,601873,1.0031216666666667,dedup_pressure,seen_calibration_workload
451.829805,0.60,599729,590,0,0.0,0,0.0,0,0.0,0,0.0,dedup_pressure__r060__reactive_lru__seed-na,319,4,267,reactive_lru,0,,75b7f46ae0daf73f6bcb2cd67273cd75380aa989e66d58fa943b1afa7fecb1e3,0,0,601873,1.0031216666666667,dedup_pressure,seen_calibration_workload
451.829805,0.60,599729,590,0,0.0,0,0.0,0,0.0,0,0.0,dedup_pressure__r060__proactive_lru__seed-na,319,4,267,proactive_lru,0,,946e94784d6f2672bc0a3a992c27e40871d556cf3d371280d7bc89cfe47c397d,0,0,601873,1.0031216666666667,dedup_pressure,seen_calibration_workload
451.829805,0.60,599729,590,0,0.0,0,0.0,0,0.0,0,0.0,dedup_pressure__r060__proactive_clock__seed-na,319,4,267,proactive_clock,0,,506a9e096f623384e116fd80162ba5be93898dd5329672051619803caf97fcc3,0,0,601873,1.0031216666666667,dedup_pressure,seen_calibration_workload
451.829805,0.60,599729,590,0,0.0,0,0.0,0,0.0,0,0.0,dedup_pressure__r060__tpp_inspired__seed-na,319,4,267,tpp_inspired,0,,5e7cd8f5ac099ed45cc9e4e80be459c0ba484f34125343dd8c729538d11a0893,0,0,601873,1.0031216666666667,dedup_pressure,seen_calibration_workload
451.829805,0.60,599729,590,0,0.0,0,0.0,0,0.0,0,0.0,dedup_pressure__r060__oracle__seed-na,319,4,267,oracle,0,,01764936575c57722da1b8dfe54f1ea250a75581a061f36dd72f879b8591bd1e,0,0,601873,1.0031216666666667,dedup_pressure,seen_calibration_workload
451.829805,0.60,599729,590,0,0.0,0,0.0,0,0.0,0,0.0,dedup_pressure__r060__capd__seed-3136859,319,4,267,capd,0,3136859,2afd5386b4f774fcf2a9e73e85dda6f4e0bc11e915911b4cab78118f5985e553,0,0,601873,1.0031216666666667,dedup_pressure,seen_calibration_workload
451.829805,0.60,599729,590,0,0.0,0,0.0,0,0.0,0,0.0,dedup_pressure__r060__capd__seed-42,319,4,267,capd,0,42,f919d2259f1e3057b6df3f37f29ef0a24828cb000812e50a92c58548709c83bf,0,0,601873,1.0031216666666667,dedup_pressure,seen_calibration_workload
451.829805,0.60,599729,590,0,0.0,0,0.0,0,0.0,0,0.0,dedup_pressure__r060__capd__seed-2026,319,4,267,capd,0,2026,90a41381f14f6d05f75071e11957fd591040c6b2f46e99769f4f14c3bdd99d6e,0,0,601873,1.0031216666666667,dedup_pressure,seen_calibration_workload
0.718665,0.20,599978,22,0,0.0,0,0.0,0,0.0,0,0.0,blackscholes__r020__reactive_lru__seed-na,0,19,3,reactive_lru,0,,d75979b5107e58ecfd29877a978507e1966ffa9b904e83d0d7547c9b81504fb2,0,0,600040,1.0000666666666667,blackscholes,held_out_unseen_workload
10.09684,0.20,585086,22,13728,0.9210950080515298,11304,0.7584541062801933,5398,0.3621846484165325,0,0.0,blackscholes__r020__proactive_lru__seed-na,7,13691,1223,proactive_lru,14904,,f1769b3e5fd6b0d0cd1096c1ae1f39f8080cd2a274f4dee0c85a9ee445f437e3,14904,12,771292,1.2854866666666667,blackscholes,held_out_unseen_workload
10.18041,0.20,585104,22,13709,0.9209324197232299,11118,0.7468762595727529,5337,0.3585247883917775,0,0.0,blackscholes__r020__proactive_clock__seed-na,7,13618,1278,proactive_clock,14886,,8f9a9200f4c52d45fada89102ebe4e4fbd5789165a162c360e80abf71a1d2bb5,14886,12,771424,1.2857066666666668,blackscholes,held_out_unseen_workload
10.09684,0.20,585086,22,13728,0.9210950080515298,11304,0.7584541062801933,5398,0.3621846484165325,0,0.0,blackscholes__r020__tpp_inspired__seed-na,7,13691,1223,tpp_inspired,14904,,de7b04aede651a6a46defa48112db7721997b7b5fa9ff22682d2b523eb293455,14904,12,771292,1.2854866666666667,blackscholes,held_out_unseen_workload
10.602451666666667,0.20,585946,22,12834,0.9141025641025641,9482,0.6753561253561253,4099,0.29195156695156693,0,0.0,blackscholes__r020__oracle__seed-na,7,13497,557,oracle,14040,,f9746598231d6833d95b4cdb5fd9ad33eded85f6a3d5aea412eb17d3b63ea2b0,14040,8,757796,1.2629933333333334,blackscholes,held_out_unseen_workload
10.024143333333333,0.20,585514,22,13266,0.9166666666666666,10765,0.7438501934770592,5945,0.41079325594250965,0,0.0,blackscholes__r020__capd__seed-3136859,7,14349,137,capd,14472,3136859,e61367453034c48622238d9f27f7214011b74cde48bca7bd6064688246d229ae,14472,8,760028,1.2667133333333334,blackscholes,held_out_unseen_workload
9.97819,0.20,585559,22,13223,0.9165453663270258,10745,0.744784085395439,5020,0.3479586885700423,0,0.0,blackscholes__r020__capd__seed-42,7,13830,611,capd,14427,42,2587aad51c02f926f9fc2c3cf881b0822ec7dd9ca464b40429d563b0b115dd38,14427,8,762377,1.2706283333333332,blackscholes,held_out_unseen_workload
10.175615,0.20,584771,22,14010,0.9205598265326237,11499,0.7555686970234575,5469,0.35935343977922335,0,0.0,blackscholes__r020__capd__seed-2026,7,14013,1216,capd,15219,2026,2d71fea3aa61f8ce1d90b38f6777865fc24a646d9e0f99838e2d6b6ffbcb5dd1,15219,12,774715,1.2911916666666667,blackscholes,held_out_unseen_workload
22.718665,0.40,599978,44,0,0.0,0,0.0,0,0.0,0,0.0,blackscholes__r040__reactive_lru__seed-na,22,19,3,reactive_lru,0,,57f0808d210dd808c090b8738343831b5742251f439dfd0c42c7128e6d600fcc,0,0,600040,1.0000666666666667,blackscholes,held_out_unseen_workload
22.718665,0.40,599978,44,0,0.0,0,0.0,0,0.0,0,0.0,blackscholes__r040__proactive_lru__seed-na,22,19,3,proactive_lru,0,,31ecaa066a5922c988269f4fcee3c1ece27b081191e0ba5e7e60a54bd41a56b9,0,0,600040,1.0000666666666667,blackscholes,held_out_unseen_workload
22.718665,0.40,599978,44,0,0.0,0,0.0,0,0.0,0,0.0,blackscholes__r040__proactive_clock__seed-na,22,19,3,proactive_clock,0,,0e3318bfee564d2aaeb544f65613eec2059a9d66884995d5299c9c367840a1ea,0,0,600040,1.0000666666666667,blackscholes,held_out_unseen_workload
22.718665,0.40,599978,44,0,0.0,0,0.0,0,0.0,0,0.0,blackscholes__r040__tpp_inspired__seed-na,22,19,3,tpp_inspired,0,,bb559afb7edd06373225104b683d3ffe49f55dc13124b2567b17a2a064dc50a2,0,0,600040,1.0000666666666667,blackscholes,held_out_unseen_workload
22.718665,0.40,599978,44,0,0.0,0,0.0,0,0.0,0,0.0,blackscholes__r040__oracle__seed-na,22,19,3,oracle,0,,a850ba03f4f82562fcebe8bdaf5a92f1484730b035843f4585fe354c58cac07d,0,0,600040,1.0000666666666667,blackscholes,held_out_unseen_workload
22.718665,0.40,599978,44,0,0.0,0,0.0,0,0.0,0,0.0,blackscholes__r040__capd__seed-3136859,22,19,3,capd,0,3136859,987b73439e3466a40150824d84513525957e1de7618b8e71bbca5317d76a35bc,0,0,600040,1.0000666666666667,blackscholes,held_out_unseen_workload
22.718665,0.40,599978,44,0,0.0,0,0.0,0,0.0,0,0.0,blackscholes__r040__capd__seed-42,22,19,3,capd,0,42,772e4a5a56f7e8ddb321fb9321d5a93c2da8cec78dbea3f3c5927fa568381c06,0,0,600040,1.0000666666666667,blackscholes,held_out_unseen_workload
22.718665,0.40,599978,44,0,0.0,0,0.0,0,0.0,0,0.0,blackscholes__r040__capd__seed-2026,22,19,3,capd,0,2026,b743fce0979398487cbc122e6e379a599bccb069ca213c66b77640f47e1f7c66,0,0,600040,1.0000666666666667,blackscholes,held_out_unseen_workload
44.718665,0.60,599978,66,0,0.0,0,0.0,0,0.0,0,0.0,blackscholes__r060__reactive_lru__seed-na,44,19,3,reactive_lru,0,,98e36dd3333c6e9a06b939ee9bf6b21a0882baa877cdced201b543991a391f01,0,0,600040,1.0000666666666667,blackscholes,held_out_unseen_workload
44.718665,0.60,599978,66,0,0.0,0,0.0,0,0.0,0,0.0,blackscholes__r060__proactive_lru__seed-na,44,19,3,proactive_lru,0,,9dcd5573ba2e61490fc3d19fc05e6f379192d42d5fe5dff7ae47267d67b58390,0,0,600040,1.0000666666666667,blackscholes,held_out_unseen_workload
44.718665,0.60,599978,66,0,0.0,0,0.0,0,0.0,0,0.0,blackscholes__r060__proactive_clock__seed-na,44,19,3,proactive_clock,0,,b4d59081f2b1c98bf269920414c1ae6156f60a0d1814902567c7f77e8781f2f6,0,0,600040,1.0000666666666667,blackscholes,held_out_unseen_workload
44.718665,0.60,599978,66,0,0.0,0,0.0,0,0.0,0,0.0,blackscholes__r060__tpp_inspired__seed-na,44,19,3,tpp_inspired,0,,834c5990416b5c3718ff2db038f6dacd7c33af36f7797413efc06b592220bc57,0,0,600040,1.0000666666666667,blackscholes,held_out_unseen_workload
44.718665,0.60,599978,66,0,0.0,0,0.0,0,0.0,0,0.0,blackscholes__r060__oracle__seed-na,44,19,3,oracle,0,,85e14373b8734a69c6e28add7491879b00224e1cbdad81b2ecd8c2bc303a773e,0,0,600040,1.0000666666666667,blackscholes,held_out_unseen_workload
44.718665,0.60,599978,66,0,0.0,0,0.0,0,0.0,0,0.0,blackscholes__r060__capd__seed-3136859,44,19,3,capd,0,3136859,6df87651e73105926f7eea18fceddd6b13e4591b0e61cb845cba9bf87e64b43d,0,0,600040,1.0000666666666667,blackscholes,held_out_unseen_workload
44.718665,0.60,599978,66,0,0.0,0,0.0,0,0.0,0,0.0,blackscholes__r060__capd__seed-42,44,19,3,capd,0,42,9290b31bf86056ccd4fcab2f3cc5c1c89ad94730b41ce642689f949e5179bc96,0,0,600040,1.0000666666666667,blackscholes,held_out_unseen_workload
44.718665,0.60,599978,66,0,0.0,0,0.0,0,0.0,0,0.0,blackscholes__r060__capd__seed-2026,44,19,3,capd,0,2026,7c4c2e8093c92d419daf54c5d858ebcac9a582db37e1f85cf73f426b0e8cb154,0,0,600040,1.0000666666666667,blackscholes,held_out_unseen_workload
35.43931166666667,0.20,599975,60,0,0.0,0,0.0,0,0.0,0,0.0,swaptions__r020__reactive_lru__seed-na,35,21,4,reactive_lru,0,,f4bc3dd3a5ccca6220bf066b3304436bab31d3dd0ff50ad405eec18eb2d36f40,0,0,600049,1.0000816666666668,swaptions,held_out_unseen_workload
35.43931166666667,0.20,599975,60,0,0.0,0,0.0,0,0.0,0,0.0,swaptions__r020__proactive_lru__seed-na,35,21,4,proactive_lru,0,,c893c6893440ac064afe202e21311fc04504d44621acd00b650e11ffc035eae0,0,0,600049,1.0000816666666668,swaptions,held_out_unseen_workload
35.43931166666667,0.20,599975,60,0,0.0,0,0.0,0,0.0,0,0.0,swaptions__r020__proactive_clock__seed-na,35,21,4,proactive_clock,0,,dfea4f947e3e0469d53866c886827080c6bef2b08a9c279b110d1704c3b6326d,0,0,600049,1.0000816666666668,swaptions,held_out_unseen_workload
35.43931166666667,0.20,599975,60,0,0.0,0,0.0,0,0.0,0,0.0,swaptions__r020__tpp_inspired__seed-na,35,21,4,tpp_inspired,0,,e278d242e0038fa769dfabe9cb3c4c7c3ffbfc986c50097c15de6967e3dc8750,0,0,600049,1.0000816666666668,swaptions,held_out_unseen_workload
35.43931166666667,0.20,599975,60,0,0.0,0,0.0,0,0.0,0,0.0,swaptions__r020__oracle__seed-na,35,21,4,oracle,0,,b3dda85568148737bba12994e75513ef44875435e2f45f463c2ab23fba849198,0,0,600049,1.0000816666666668,swaptions,held_out_unseen_workload
35.43931166666667,0.20,599975,60,0,0.0,0,0.0,0,0.0,0,0.0,swaptions__r020__capd__seed-3136859,35,21,4,capd,0,3136859,b64ee213e5d22ddb09845150eb0e1b0adc4a30195a7556e1ee03bbfde4dbd84d,0,0,600049,1.0000816666666668,swaptions,held_out_unseen_workload
35.43931166666667,0.20,599975,60,0,0.0,0,0.0,0,0.0,0,0.0,swaptions__r020__capd__seed-42,35,21,4,capd,0,42,2d17ea1a6bc0d83fab03f59e635fc25cd0a0ad0c1a6c4afa9b2abca0fb0f9115,0,0,600049,1.0000816666666668,swaptions,held_out_unseen_workload
35.43931166666667,0.20,599975,60,0,0.0,0,0.0,0,0.0,0,0.0,swaptions__r020__capd__seed-2026,35,21,4,capd,0,2026,f02f301a5152d22f9f96125f9e4eab088bdd4c5dbbbe2a3684a909749e69bf7a,0,0,600049,1.0000816666666668,swaptions,held_out_unseen_workload
94.43931166666667,0.40,599975,119,0,0.0,0,0.0,0,0.0,0,0.0,swaptions__r040__reactive_lru__seed-na,94,21,4,reactive_lru,0,,4e44c33c782c55a2ebdc87006ddff0d5095a2bfe6d48d2dd29153e2da15e0e6e,0,0,600049,1.0000816666666668,swaptions,held_out_unseen_workload
94.43931166666667,0.40,599975,119,0,0.0,0,0.0,0,0.0,0,0.0,swaptions__r040__proactive_lru__seed-na,94,21,4,proactive_lru,0,,937e9785b5c63b47238161fbbc75eece3c4631bc7cdb80ea687b5c25d9d7da31,0,0,600049,1.0000816666666668,swaptions,held_out_unseen_workload
94.43931166666667,0.40,599975,119,0,0.0,0,0.0,0,0.0,0,0.0,swaptions__r040__proactive_clock__seed-na,94,21,4,proactive_clock,0,,9e183b4dbdb47cc7ff2a3daa7b2cdc2887eabab56e6701bf9bc54c766c3ef6d2,0,0,600049,1.0000816666666668,swaptions,held_out_unseen_workload
94.43931166666667,0.40,599975,119,0,0.0,0,0.0,0,0.0,0,0.0,swaptions__r040__tpp_inspired__seed-na,94,21,4,tpp_inspired,0,,985ca8f66d6939ad83239a574a2f75e4de98af52b69fbf76d9a703d1bb9377cb,0,0,600049,1.0000816666666668,swaptions,held_out_unseen_workload
94.43931166666667,0.40,599975,119,0,0.0,0,0.0,0,0.0,0,0.0,swaptions__r040__oracle__seed-na,94,21,4,oracle,0,,810752698a5e3a3131690b066110a7152a242a48132329d832e45475572ad548,0,0,600049,1.0000816666666668,swaptions,held_out_unseen_workload
94.43931166666667,0.40,599975,119,0,0.0,0,0.0,0,0.0,0,0.0,swaptions__r040__capd__seed-3136859,94,21,4,capd,0,3136859,a0870f64248a9b16b09541be0ef14ac32ca606d5ebcfa3c35b495283847b4373,0,0,600049,1.0000816666666668,swaptions,held_out_unseen_workload
94.43931166666667,0.40,599975,119,0,0.0,0,0.0,0,0.0,0,0.0,swaptions__r040__capd__seed-42,94,21,4,capd,0,42,992571581174e9fcc5fc4d682835eff3f80676a7d680a3a9acfd331a6bbe3db6,0,0,600049,1.0000816666666668,swaptions,held_out_unseen_workload
94.43931166666667,0.40,599975,119,0,0.0,0,0.0,0,0.0,0,0.0,swaptions__r040__capd__seed-2026,94,21,4,capd,0,2026,8637c6f61f71718b254799130877b24b1364bba9b8c3b9f19ddcf0899ad8ade8,0,0,600049,1.0000816666666668,swaptions,held_out_unseen_workload
154.43931166666667,0.60,599975,179,0,0.0,0,0.0,0,0.0,0,0.0,swaptions__r060__reactive_lru__seed-na,154,21,4,reactive_lru,0,,c461546dea6b74147fe3e8c09cc0e3a463042942fadda9d8308f6d2b34f11919,0,0,600049,1.0000816666666668,swaptions,held_out_unseen_workload
154.43931166666667,0.60,599975,179,0,0.0,0,0.0,0,0.0,0,0.0,swaptions__r060__proactive_lru__seed-na,154,21,4,proactive_lru,0,,d40c415d37e78c53af94415be8e0a9845df94a5ac1b3372ee04df6537265dd03,0,0,600049,1.0000816666666668,swaptions,held_out_unseen_workload
154.43931166666667,0.60,599975,179,0,0.0,0,0.0,0,0.0,0,0.0,swaptions__r060__proactive_clock__seed-na,154,21,4,proactive_clock,0,,77bddff317cf930c7935a27bf6aa9d0c48bdfd67b7e1659c34ee40cfef5398b4,0,0,600049,1.0000816666666668,swaptions,held_out_unseen_workload
154.43931166666667,0.60,599975,179,0,0.0,0,0.0,0,0.0,0,0.0,swaptions__r060__tpp_inspired__seed-na,154,21,4,tpp_inspired,0,,5c9029d0ffa6726bae8acccf14ca34d06cf63f8f5a69ddb761e1fd51f358a1c5,0,0,600049,1.0000816666666668,swaptions,held_out_unseen_workload
154.43931166666667,0.60,599975,179,0,0.0,0,0.0,0,0.0,0,0.0,swaptions__r060__oracle__seed-na,154,21,4,oracle,0,,97d74f06e0831483918bcaafbad73a4a0e38b9d0e151125bb6338b3e7ad598bb,0,0,600049,1.0000816666666668,swaptions,held_out_unseen_workload
154.43931166666667,0.60,599975,179,0,0.0,0,0.0,0,0.0,0,0.0,swaptions__r060__capd__seed-3136859,154,21,4,capd,0,3136859,4f30811c4a1048f2eb9f23a19e041d14a82e755d061f635c8f044e35e8cbd351,0,0,600049,1.0000816666666668,swaptions,held_out_unseen_workload
154.43931166666667,0.60,599975,179,0,0.0,0,0.0,0,0.0,0,0.0,swaptions__r060__capd__seed-42,154,21,4,capd,0,42,c88c319a552a95d9d79cb2baf560a1a088fa108070275324a2e3aa9680e4204c,0,0,600049,1.0000816666666668,swaptions,held_out_unseen_workload
154.43931166666667,0.60,599975,179,0,0.0,0,0.0,0,0.0,0,0.0,swaptions__r060__capd__seed-2026,154,21,4,capd,0,2026,468bc4edfe0849b72d3453ecb8a41fd26e34cb64628b04c4ad96cb9bfc865c0b,0,0,600049,1.0000816666666668,swaptions,held_out_unseen_workload
5541.00029,0.20,599997,5544,0,0.0,0,0.0,0,0.0,0,0.0,fluidanimate__r020__reactive_lru__seed-na,5541,1,2,reactive_lru,0,,c51d1b9552b3d68d6748e73f6f1eb39899da691c9230968f68a9de2dfe589cfe,0,0,600015,1.000025,fluidanimate,held_out_unseen_workload
5541.00029,0.20,599997,5544,0,0.0,0,0.0,0,0.0,0,0.0,fluidanimate__r020__proactive_lru__seed-na,5541,1,2,proactive_lru,0,,b8bbe800b38d6a840bf991dfbd3de1e59833b072f2bb4f953f11c893113a63bc,0,0,600015,1.000025,fluidanimate,held_out_unseen_workload
5541.00029,0.20,599997,5544,0,0.0,0,0.0,0,0.0,0,0.0,fluidanimate__r020__proactive_clock__seed-na,5541,1,2,proactive_clock,0,,06d952adcad78ba50b78996bdf94274a64f054c00375089d88de47c12dbadbce,0,0,600015,1.000025,fluidanimate,held_out_unseen_workload
5541.00029,0.20,599997,5544,0,0.0,0,0.0,0,0.0,0,0.0,fluidanimate__r020__tpp_inspired__seed-na,5541,1,2,tpp_inspired,0,,656875080f141a19fa1f718f7994c60e53c8b925405ff66f7ee14d469c87546f,0,0,600015,1.000025,fluidanimate,held_out_unseen_workload
5541.00029,0.20,599997,5544,0,0.0,0,0.0,0,0.0,0,0.0,fluidanimate__r020__oracle__seed-na,5541,1,2,oracle,0,,eca75c286aad899791aea8e1db3a33805740bcea4a4096c10124bc059846c025,0,0,600015,1.000025,fluidanimate,held_out_unseen_workload
5541.00029,0.20,599997,5544,0,0.0,0,0.0,0,0.0,0,0.0,fluidanimate__r020__capd__seed-3136859,5541,1,2,capd,0,3136859,8c1d5344a0bf1d007735052c43fd209385a7ab4915c1544e12fcbf43a8c3fe6d,0,0,600015,1.000025,fluidanimate,held_out_unseen_workload
5541.00029,0.20,599997,5544,0,0.0,0,0.0,0,0.0,0,0.0,fluidanimate__r020__capd__seed-42,5541,1,2,capd,0,42,7288705f30c2e6e44df67c6ee2eaf194b2b7ce5d2a4eec7617a970706402b5c6,0,0,600015,1.000025,fluidanimate,held_out_unseen_workload
5541.00029,0.20,599997,5544,0,0.0,0,0.0,0,0.0,0,0.0,fluidanimate__r020__capd__seed-2026,5541,1,2,capd,0,2026,52cfde2d6d8c17cc0e0b304b50e89f12316f8bfebeda7a4dda96ff082a4997f8,0,0,600015,1.000025,fluidanimate,held_out_unseen_workload
11085.00029,0.40,599997,11088,0,0.0,0,0.0,0,0.0,0,0.0,fluidanimate__r040__reactive_lru__seed-na,11085,1,2,reactive_lru,0,,6bfd7494206a486895e48e148191d0b9d97cf479c6775a5e951f4853a4581cc2,0,0,600015,1.000025,fluidanimate,held_out_unseen_workload
11085.00029,0.40,599997,11088,0,0.0,0,0.0,0,0.0,0,0.0,fluidanimate__r040__proactive_lru__seed-na,11085,1,2,proactive_lru,0,,271691e84828f4e94a2184448a4fd1b81d3062c0d8e22d97833adfa2ee263dae,0,0,600015,1.000025,fluidanimate,held_out_unseen_workload
11085.00029,0.40,599997,11088,0,0.0,0,0.0,0,0.0,0,0.0,fluidanimate__r040__proactive_clock__seed-na,11085,1,2,proactive_clock,0,,82ca7fa57081abb7a77d5b51056e880c1d9fcd07af3d0c10091d6ce85cb9b361,0,0,600015,1.000025,fluidanimate,held_out_unseen_workload
11085.00029,0.40,599997,11088,0,0.0,0,0.0,0,0.0,0,0.0,fluidanimate__r040__tpp_inspired__seed-na,11085,1,2,tpp_inspired,0,,79c1292982c288aa0a3923d63035952cbf73d2110b90a1007b54d81af55c7422,0,0,600015,1.000025,fluidanimate,held_out_unseen_workload
11085.00029,0.40,599997,11088,0,0.0,0,0.0,0,0.0,0,0.0,fluidanimate__r040__oracle__seed-na,11085,1,2,oracle,0,,a1a6256ec5c9a7f8e79de02e58eda719e5f2befe68ab132b6fc56122158b7eeb,0,0,600015,1.000025,fluidanimate,held_out_unseen_workload
11085.00029,0.40,599997,11088,0,0.0,0,0.0,0,0.0,0,0.0,fluidanimate__r040__capd__seed-3136859,11085,1,2,capd,0,3136859,393fba1c9dc772657aedb9b8bfdadb0ba3ff0998737d6e488c020f5175321ffe,0,0,600015,1.000025,fluidanimate,held_out_unseen_workload
11085.00029,0.40,599997,11088,0,0.0,0,0.0,0,0.0,0,0.0,fluidanimate__r040__capd__seed-42,11085,1,2,capd,0,42,63114e9cd37d462a2b8fbed57ce050c210d89bb1962b44d1141b71c6ea77a1b9,0,0,600015,1.000025,fluidanimate,held_out_unseen_workload
11085.00029,0.40,599997,11088,0,0.0,0,0.0,0,0.0,0,0.0,fluidanimate__r040__capd__seed-2026,11085,1,2,capd,0,2026,fdc9ffafa403ddc3ae3ac0a8ea0267af274aa4a82600089428944f401935bfa1,0,0,600015,1.000025,fluidanimate,held_out_unseen_workload
16629.00029,0.60,599997,16632,0,0.0,0,0.0,0,0.0,0,0.0,fluidanimate__r060__reactive_lru__seed-na,16629,1,2,reactive_lru,0,,483e235cb41dede2b4a4a7d3fba0ebab35cb08dfe89e51579dd8a88dd7fb892c,0,0,600015,1.000025,fluidanimate,held_out_unseen_workload
16629.00029,0.60,599997,16632,0,0.0,0,0.0,0,0.0,0,0.0,fluidanimate__r060__proactive_lru__seed-na,16629,1,2,proactive_lru,0,,8fa66327970719c8bcf67e87c36e59a0686e3d0eb6af52112235e845b387115e,0,0,600015,1.000025,fluidanimate,held_out_unseen_workload
16629.00029,0.60,599997,16632,0,0.0,0,0.0,0,0.0,0,0.0,fluidanimate__r060__proactive_clock__seed-na,16629,1,2,proactive_clock,0,,3347936aad0eee126a792372b837025c290cc1a0841c0eb5b2d70d4527b082c6,0,0,600015,1.000025,fluidanimate,held_out_unseen_workload
16629.00029,0.60,599997,16632,0,0.0,0,0.0,0,0.0,0,0.0,fluidanimate__r060__tpp_inspired__seed-na,16629,1,2,tpp_inspired,0,,2f3400e91eb7a3a9d9d055ad36c1e3209a0b244fda95a68410e8a7365e255a8a,0,0,600015,1.000025,fluidanimate,held_out_unseen_workload
16629.00029,0.60,599997,16632,0,0.0,0,0.0,0,0.0,0,0.0,fluidanimate__r060__oracle__seed-na,16629,1,2,oracle,0,,d50d7ed1ec9e0cdb45c8013a595dae65acb8fc560ca76912a90e0b0f4cf66d16,0,0,600015,1.000025,fluidanimate,held_out_unseen_workload
16629.00029,0.60,599997,16632,0,0.0,0,0.0,0,0.0,0,0.0,fluidanimate__r060__capd__seed-3136859,16629,1,2,capd,0,3136859,97615dbc5647a3f01a551514a609dec6172f75e753be5668ec17224a34f47c4a,0,0,600015,1.000025,fluidanimate,held_out_unseen_workload
16629.00029,0.60,599997,16632,0,0.0,0,0.0,0,0.0,0,0.0,fluidanimate__r060__capd__seed-42,16629,1,2,capd,0,42,089d0daf0a3256a3855d1083c4f3b67202dd0d1fd86042431920163342014fb2,0,0,600015,1.000025,fluidanimate,held_out_unseen_workload
16629.00029,0.60,599997,16632,0,0.0,0,0.0,0,0.0,0,0.0,fluidanimate__r060__capd__seed-2026,16629,1,2,capd,0,2026,157390a8ae9937b41d46bf5506d63521847c6a206afbcdb70697264e24da03b0,0,0,600015,1.000025,fluidanimate,held_out_unseen_workload
