average_free_frames,average_free_frames_sample_std,capacity_ratio,dram_hits,dram_hits_sample_std,emergency_demotions,emergency_demotions_sample_std,fallback_rate,fallback_rate_sample_std,minimum_free_frames,minimum_free_frames_sample_std,nvm_reads,nvm_reads_sample_std,nvm_writes,nvm_writes_sample_std,policy,proactive_demotions,proactive_demotions_sample_std,seed_count,seeds,total_demotions,total_demotions_sample_std,weighted_cost,weighted_cost_per_access,weighted_cost_per_access_sample_std,weighted_cost_sample_std,workload
0.718665,0.0,0.20,599978.0,0.0,0.0,0.0,0.0,0.0,0.0,0.0,19.0,0.0,3.0,0.0,reactive_lru,0.0,0.0,1,[null],0.0,0.0,600040.0,1.0000666666666667,0.0,0.0,blackscholes
10.09684,0.0,0.20,585086.0,0.0,0.0,0.0,0.0,0.0,7.0,0.0,13691.0,0.0,1223.0,0.0,proactive_lru,14904.0,0.0,1,[null],14904.0,0.0,771292.0,1.2854866666666667,0.0,0.0,blackscholes
22.718665,0.0,0.40,599978.0,0.0,0.0,0.0,0.0,0.0,22.0,0.0,19.0,0.0,3.0,0.0,reactive_lru,0.0,0.0,1,[null],0.0,0.0,600040.0,1.0000666666666667,0.0,0.0,blackscholes
22.718665,0.0,0.40,599978.0,0.0,0.0,0.0,0.0,0.0,22.0,0.0,19.0,0.0,3.0,0.0,proactive_lru,0.0,0.0,1,[null],0.0,0.0,600040.0,1.0000666666666667,0.0,0.0,blackscholes
44.718665,0.0,0.60,599978.0,0.0,0.0,0.0,0.0,0.0,44.0,0.0,19.0,0.0,3.0,0.0,reactive_lru,0.0,0.0,1,[null],0.0,0.0,600040.0,1.0000666666666667,0.0,0.0,blackscholes
44.718665,0.0,0.60,599978.0,0.0,0.0,0.0,0.0,0.0,44.0,0.0,19.0,0.0,3.0,0.0,proactive_lru,0.0,0.0,1,[null],0.0,0.0,600040.0,1.0000666666666667,0.0,0.0,blackscholes
274.7086116666667,0.0,0.20,598566.0,0.0,0.0,0.0,0.0,0.0,0.0,0.0,1.0,0.0,1433.0,0.0,reactive_lru,0.0,0.0,1,[null],545.0,0.0,615482.0,1.0258033333333334,0.0,0.0,canneal
279.32651,0.0,0.20,598566.0,0.0,0.0,0.0,0.0,0.0,7.0,0.0,1.0,0.0,1433.0,0.0,proactive_lru,558.0,0.0,1,[null],558.0,0.0,615612.0,1.02602,0.0,0.0,canneal
1059.94251,0.0,0.40,598566.0,0.0,0.0,0.0,0.0,0.0,344.0,0.0,1.0,0.0,1433.0,0.0,reactive_lru,0.0,0.0,1,[null],0.0,0.0,610032.0,1.01672,0.0,0.0,canneal
1059.94251,0.0,0.40,598566.0,0.0,0.0,0.0,0.0,0.0,344.0,0.0,1.0,0.0,1433.0,0.0,proactive_lru,0.0,0.0,1,[null],0.0,0.0,610032.0,1.01672,0.0,0.0,canneal
1947.94251,0.0,0.60,598566.0,0.0,0.0,0.0,0.0,0.0,1232.0,0.0,1.0,0.0,1433.0,0.0,reactive_lru,0.0,0.0,1,[null],0.0,0.0,610032.0,1.01672,0.0,0.0,canneal
1947.94251,0.0,0.60,598566.0,0.0,0.0,0.0,0.0,0.0,1232.0,0.0,1.0,0.0,1433.0,0.0,proactive_lru,0.0,0.0,1,[null],0.0,0.0,610032.0,1.01672,0.0,0.0,canneal
69.20399833333333,0.0,0.20,599729.0,0.0,0.0,0.0,0.0,0.0,0.0,0.0,4.0,0.0,267.0,0.0,reactive_lru,0.0,0.0,1,[null],74.0,0.0,602613.0,1.004355,0.0,0.0,dedup_pressure
72.798765,0.0,0.20,599729.0,0.0,0.0,0.0,0.0,0.0,7.0,0.0,4.0,0.0,267.0,0.0,proactive_lru,90.0,0.0,1,[null],90.0,0.0,602773.0,1.0046216666666667,0.0,0.0,dedup_pressure
254.829805,0.0,0.40,599729.0,0.0,0.0,0.0,0.0,0.0,122.0,0.0,4.0,0.0,267.0,0.0,reactive_lru,0.0,0.0,1,[null],0.0,0.0,601873.0,1.0031216666666667,0.0,0.0,dedup_pressure
254.829805,0.0,0.40,599729.0,0.0,0.0,0.0,0.0,0.0,122.0,0.0,4.0,0.0,267.0,0.0,proactive_lru,0.0,0.0,1,[null],0.0,0.0,601873.0,1.0031216666666667,0.0,0.0,dedup_pressure
451.829805,0.0,0.60,599729.0,0.0,0.0,0.0,0.0,0.0,319.0,0.0,4.0,0.0,267.0,0.0,reactive_lru,0.0,0.0,1,[null],0.0,0.0,601873.0,1.0031216666666667,0.0,0.0,dedup_pressure
451.829805,0.0,0.60,599729.0,0.0,0.0,0.0,0.0,0.0,319.0,0.0,4.0,0.0,267.0,0.0,proactive_lru,0.0,0.0,1,[null],0.0,0.0,601873.0,1.0031216666666667,0.0,0.0,dedup_pressure
5541.00029,0.0,0.20,599997.0,0.0,0.0,0.0,0.0,0.0,5541.0,0.0,1.0,0.0,2.0,0.0,reactive_lru,0.0,0.0,1,[null],0.0,0.0,600015.0,1.000025,0.0,0.0,fluidanimate
5541.00029,0.0,0.20,599997.0,0.0,0.0,0.0,0.0,0.0,5541.0,0.0,1.0,0.0,2.0,0.0,proactive_lru,0.0,0.0,1,[null],0.0,0.0,600015.0,1.000025,0.0,0.0,fluidanimate
11085.00029,0.0,0.40,599997.0,0.0,0.0,0.0,0.0,0.0,11085.0,0.0,1.0,0.0,2.0,0.0,reactive_lru,0.0,0.0,1,[null],0.0,0.0,600015.0,1.000025,0.0,0.0,fluidanimate
11085.00029,0.0,0.40,599997.0,0.0,0.0,0.0,0.0,0.0,11085.0,0.0,1.0,0.0,2.0,0.0,proactive_lru,0.0,0.0,1,[null],0.0,0.0,600015.0,1.000025,0.0,0.0,fluidanimate
16629.00029,0.0,0.60,599997.0,0.0,0.0,0.0,0.0,0.0,16629.0,0.0,1.0,0.0,2.0,0.0,reactive_lru,0.0,0.0,1,[null],0.0,0.0,600015.0,1.000025,0.0,0.0,fluidanimate
16629.00029,0.0,0.60,599997.0,0.0,0.0,0.0,0.0,0.0,16629.0,0.0,1.0,0.0,2.0,0.0,proactive_lru,0.0,0.0,1,[null],0.0,0.0,600015.0,1.000025,0.0,0.0,fluidanimate
369.3860883333333,0.0,0.20,599976.0,0.0,0.0,0.0,0.0,0.0,361.0,0.0,5.0,0.0,19.0,0.0,reactive_lru,0.0,0.0,1,[null],0.0,0.0,600138.0,1.00023,0.0,0.0,streamcluster_pressure
369.3860883333333,0.0,0.20,599976.0,0.0,0.0,0.0,0.0,0.0,361.0,0.0,5.0,0.0,19.0,0.0,proactive_lru,0.0,0.0,1,[null],0.0,0.0,600138.0,1.00023,0.0,0.0,streamcluster_pressure
753.3860883333333,0.0,0.40,599976.0,0.0,0.0,0.0,0.0,0.0,745.0,0.0,5.0,0.0,19.0,0.0,reactive_lru,0.0,0.0,1,[null],0.0,0.0,600138.0,1.00023,0.0,0.0,streamcluster_pressure
753.3860883333333,0.0,0.40,599976.0,0.0,0.0,0.0,0.0,0.0,745.0,0.0,5.0,0.0,19.0,0.0,proactive_lru,0.0,0.0,1,[null],0.0,0.0,600138.0,1.00023,0.0,0.0,streamcluster_pressure
1137.3860883333334,0.0,0.60,599976.0,0.0,0.0,0.0,0.0,0.0,1129.0,0.0,5.0,0.0,19.0,0.0,reactive_lru,0.0,0.0,1,[null],0.0,0.0,600138.0,1.00023,0.0,0.0,streamcluster_pressure
1137.3860883333334,0.0,0.60,599976.0,0.0,0.0,0.0,0.0,0.0,1129.0,0.0,5.0,0.0,19.0,0.0,proactive_lru,0.0,0.0,1,[null],0.0,0.0,600138.0,1.00023,0.0,0.0,streamcluster_pressure
35.43931166666667,0.0,0.20,599975.0,0.0,0.0,0.0,0.0,0.0,35.0,0.0,21.0,0.0,4.0,0.0,reactive_lru,0.0,0.0,1,[null],0.0,0.0,600049.0,1.0000816666666668,0.0,0.0,swaptions
35.43931166666667,0.0,0.20,599975.0,0.0,0.0,0.0,0.0,0.0,35.0,0.0,21.0,0.0,4.0,0.0,proactive_lru,0.0,0.0,1,[null],0.0,0.0,600049.0,1.0000816666666668,0.0,0.0,swaptions
94.43931166666667,0.0,0.40,599975.0,0.0,0.0,0.0,0.0,0.0,94.0,0.0,21.0,0.0,4.0,0.0,reactive_lru,0.0,0.0,1,[null],0.0,0.0,600049.0,1.0000816666666668,0.0,0.0,swaptions
94.43931166666667,0.0,0.40,599975.0,0.0,0.0,0.0,0.0,0.0,94.0,0.0,21.0,0.0,4.0,0.0,proactive_lru,0.0,0.0,1,[null],0.0,0.0,600049.0,1.0000816666666668,0.0,0.0,swaptions
154.43931166666667,0.0,0.60,599975.0,0.0,0.0,0.0,0.0,0.0,154.0,0.0,21.0,0.0,4.0,0.0,reactive_lru,0.0,0.0,1,[null],0.0,0.0,600049.0,1.0000816666666668,0.0,0.0,swaptions
154.43931166666667,0.0,0.60,599975.0,0.0,0.0,0.0,0.0,0.0,154.0,0.0,21.0,0.0,4.0,0.0,proactive_lru,0.0,0.0,1,[null],0.0,0.0,600049.0,1.0000816666666668,0.0,0.0,swaptions
