row_id,run_id,source_job_id,track,workload,policy,seed,cost_profile,dram_hit_weight,nvm_read_weight,nvm_write_weight,demotion_weight,dram_hits,nvm_reads,nvm_writes,total_demotions,raw_access_count,reactive_demotions,proactive_demotions,emergency_demotions,weighted_cost,weighted_cost_per_access,evidence_mode,evidence_status
standard__blackscholes__capd__seed-2026::read_light,stage11-standard-cost-profiles-v2-r6,standard__blackscholes__capd__seed-2026,standard,blackscholes,capd,2026,read_light,1,2,4,8,576344,22016,1640,23649,600000,0,15766,7883,816128,1.3602133333333333,offline_raw_counter_recompute,candidate-ready
standard__blackscholes__capd__seed-2026::default,stage11-standard-cost-profiles-v2-r6,standard__blackscholes__capd__seed-2026,standard,blackscholes,capd,2026,default,1,2,8,10,576344,22016,1640,23649,600000,0,15766,7883,869986,1.4499766666666667,offline_raw_counter_recompute,candidate-ready
standard__blackscholes__capd__seed-2026::write_expensive,stage11-standard-cost-profiles-v2-r6,standard__blackscholes__capd__seed-2026,standard,blackscholes,capd,2026,write_expensive,1,2,12,10,576344,22016,1640,23649,600000,0,15766,7883,876546,1.46091,offline_raw_counter_recompute,candidate-ready
standard__blackscholes__capd__seed-2026::migration_expensive,stage11-standard-cost-profiles-v2-r6,standard__blackscholes__capd__seed-2026,standard,blackscholes,capd,2026,migration_expensive,1,2,8,20,576344,22016,1640,23649,600000,0,15766,7883,1106476,1.8441266666666667,offline_raw_counter_recompute,candidate-ready
standard__blackscholes__capd__seed-3136859::read_light,stage11-standard-cost-profiles-v2-r6,standard__blackscholes__capd__seed-3136859,standard,blackscholes,capd,3136859,read_light,1,2,4,8,575774,22586,1640,24219,600000,0,16146,8073,821258,1.3687633333333333,offline_raw_counter_recompute,candidate-ready
standard__blackscholes__capd__seed-3136859::default,stage11-standard-cost-profiles-v2-r6,standard__blackscholes__capd__seed-3136859,standard,blackscholes,capd,3136859,default,1,2,8,10,575774,22586,1640,24219,600000,0,16146,8073,876256,1.4604266666666668,offline_raw_counter_recompute,candidate-ready
standard__blackscholes__capd__seed-3136859::write_expensive,stage11-standard-cost-profiles-v2-r6,standard__blackscholes__capd__seed-3136859,standard,blackscholes,capd,3136859,write_expensive,1,2,12,10,575774,22586,1640,24219,600000,0,16146,8073,882816,1.47136,offline_raw_counter_recompute,candidate-ready
standard__blackscholes__capd__seed-3136859::migration_expensive,stage11-standard-cost-profiles-v2-r6,standard__blackscholes__capd__seed-3136859,standard,blackscholes,capd,3136859,migration_expensive,1,2,8,20,575774,22586,1640,24219,600000,0,16146,8073,1118446,1.8640766666666666,offline_raw_counter_recompute,candidate-ready
standard__blackscholes__capd__seed-42::read_light,stage11-standard-cost-profiles-v2-r6,standard__blackscholes__capd__seed-42,standard,blackscholes,capd,42,read_light,1,2,4,8,576062,22298,1640,23931,600000,0,15954,7977,818666,1.3644433333333332,offline_raw_counter_recompute,candidate-ready
standard__blackscholes__capd__seed-42::default,stage11-standard-cost-profiles-v2-r6,standard__blackscholes__capd__seed-42,standard,blackscholes,capd,42,default,1,2,8,10,576062,22298,1640,23931,600000,0,15954,7977,873088,1.4551466666666666,offline_raw_counter_recompute,candidate-ready
standard__blackscholes__capd__seed-42::write_expensive,stage11-standard-cost-profiles-v2-r6,standard__blackscholes__capd__seed-42,standard,blackscholes,capd,42,write_expensive,1,2,12,10,576062,22298,1640,23931,600000,0,15954,7977,879648,1.46608,offline_raw_counter_recompute,candidate-ready
standard__blackscholes__capd__seed-42::migration_expensive,stage11-standard-cost-profiles-v2-r6,standard__blackscholes__capd__seed-42,standard,blackscholes,capd,42,migration_expensive,1,2,8,20,576062,22298,1640,23931,600000,0,15954,7977,1112398,1.8539966666666667,offline_raw_counter_recompute,candidate-ready
standard__blackscholes__oracle::read_light,stage11-standard-cost-profiles-v2-r6,standard__blackscholes__oracle,standard,blackscholes,oracle,N/A,read_light,1,2,4,8,576851,21509,1640,23142,600000,0,15428,7714,811565,1.3526083333333334,offline_raw_counter_recompute,candidate-ready
standard__blackscholes__oracle::default,stage11-standard-cost-profiles-v2-r6,standard__blackscholes__oracle,standard,blackscholes,oracle,N/A,default,1,2,8,10,576851,21509,1640,23142,600000,0,15428,7714,864409,1.4406816666666666,offline_raw_counter_recompute,candidate-ready
standard__blackscholes__oracle::write_expensive,stage11-standard-cost-profiles-v2-r6,standard__blackscholes__oracle,standard,blackscholes,oracle,N/A,write_expensive,1,2,12,10,576851,21509,1640,23142,600000,0,15428,7714,870969,1.451615,offline_raw_counter_recompute,candidate-ready
standard__blackscholes__oracle::migration_expensive,stage11-standard-cost-profiles-v2-r6,standard__blackscholes__oracle,standard,blackscholes,oracle,N/A,migration_expensive,1,2,8,20,576851,21509,1640,23142,600000,0,15428,7714,1095829,1.8263816666666666,offline_raw_counter_recompute,candidate-ready
standard__blackscholes__proactive_clock::read_light,stage11-standard-cost-profiles-v2-r6,standard__blackscholes__proactive_clock,standard,blackscholes,proactive_clock,N/A,read_light,1,2,4,8,567130,30809,2061,32862,600000,0,21908,10954,899888,1.4998133333333334,offline_raw_counter_recompute,candidate-ready
standard__blackscholes__proactive_clock::default,stage11-standard-cost-profiles-v2-r6,standard__blackscholes__proactive_clock,standard,blackscholes,proactive_clock,N/A,default,1,2,8,10,567130,30809,2061,32862,600000,0,21908,10954,973856,1.6230933333333333,offline_raw_counter_recompute,candidate-ready
standard__blackscholes__proactive_clock::write_expensive,stage11-standard-cost-profiles-v2-r6,standard__blackscholes__proactive_clock,standard,blackscholes,proactive_clock,N/A,write_expensive,1,2,12,10,567130,30809,2061,32862,600000,0,21908,10954,982100,1.6368333333333334,offline_raw_counter_recompute,candidate-ready
standard__blackscholes__proactive_clock::migration_expensive,stage11-standard-cost-profiles-v2-r6,standard__blackscholes__proactive_clock,standard,blackscholes,proactive_clock,N/A,migration_expensive,1,2,8,20,567130,30809,2061,32862,600000,0,21908,10954,1302476,2.170793333333333,offline_raw_counter_recompute,candidate-ready
standard__blackscholes__proactive_lru::read_light,stage11-standard-cost-profiles-v2-r6,standard__blackscholes__proactive_lru,standard,blackscholes,proactive_lru,N/A,read_light,1,2,4,8,567195,31165,1640,32799,600000,0,21866,10933,898477,1.4974616666666667,offline_raw_counter_recompute,candidate-ready
standard__blackscholes__proactive_lru::default,stage11-standard-cost-profiles-v2-r6,standard__blackscholes__proactive_lru,standard,blackscholes,proactive_lru,N/A,default,1,2,8,10,567195,31165,1640,32799,600000,0,21866,10933,970635,1.617725,offline_raw_counter_recompute,candidate-ready
standard__blackscholes__proactive_lru::write_expensive,stage11-standard-cost-profiles-v2-r6,standard__blackscholes__proactive_lru,standard,blackscholes,proactive_lru,N/A,write_expensive,1,2,12,10,567195,31165,1640,32799,600000,0,21866,10933,977195,1.6286583333333333,offline_raw_counter_recompute,candidate-ready
standard__blackscholes__proactive_lru::migration_expensive,stage11-standard-cost-profiles-v2-r6,standard__blackscholes__proactive_lru,standard,blackscholes,proactive_lru,N/A,migration_expensive,1,2,8,20,567195,31165,1640,32799,600000,0,21866,10933,1298625,2.164375,offline_raw_counter_recompute,candidate-ready
standard__blackscholes__reactive_lru::read_light,stage11-standard-cost-profiles-v2-r6,standard__blackscholes__reactive_lru,standard,blackscholes,reactive_lru,N/A,read_light,1,2,4,8,571075,27285,1640,28917,600000,28917,0,0,863541,1.439235,offline_raw_counter_recompute,candidate-ready
standard__blackscholes__reactive_lru::default,stage11-standard-cost-profiles-v2-r6,standard__blackscholes__reactive_lru,standard,blackscholes,reactive_lru,N/A,default,1,2,8,10,571075,27285,1640,28917,600000,28917,0,0,927935,1.5465583333333333,offline_raw_counter_recompute,candidate-ready
standard__blackscholes__reactive_lru::write_expensive,stage11-standard-cost-profiles-v2-r6,standard__blackscholes__reactive_lru,standard,blackscholes,reactive_lru,N/A,write_expensive,1,2,12,10,571075,27285,1640,28917,600000,28917,0,0,934495,1.5574916666666667,offline_raw_counter_recompute,candidate-ready
standard__blackscholes__reactive_lru::migration_expensive,stage11-standard-cost-profiles-v2-r6,standard__blackscholes__reactive_lru,standard,blackscholes,reactive_lru,N/A,migration_expensive,1,2,8,20,571075,27285,1640,28917,600000,28917,0,0,1217105,2.0285083333333334,offline_raw_counter_recompute,candidate-ready
standard__blackscholes__tpp_inspired::read_light,stage11-standard-cost-profiles-v2-r6,standard__blackscholes__tpp_inspired,standard,blackscholes,tpp_inspired,N/A,read_light,1,2,4,8,567195,31165,1640,32799,600000,0,21866,10933,898477,1.4974616666666667,offline_raw_counter_recompute,candidate-ready
standard__blackscholes__tpp_inspired::default,stage11-standard-cost-profiles-v2-r6,standard__blackscholes__tpp_inspired,standard,blackscholes,tpp_inspired,N/A,default,1,2,8,10,567195,31165,1640,32799,600000,0,21866,10933,970635,1.617725,offline_raw_counter_recompute,candidate-ready
standard__blackscholes__tpp_inspired::write_expensive,stage11-standard-cost-profiles-v2-r6,standard__blackscholes__tpp_inspired,standard,blackscholes,tpp_inspired,N/A,write_expensive,1,2,12,10,567195,31165,1640,32799,600000,0,21866,10933,977195,1.6286583333333333,offline_raw_counter_recompute,candidate-ready
standard__blackscholes__tpp_inspired::migration_expensive,stage11-standard-cost-profiles-v2-r6,standard__blackscholes__tpp_inspired,standard,blackscholes,tpp_inspired,N/A,migration_expensive,1,2,8,20,567195,31165,1640,32799,600000,0,21866,10933,1298625,2.164375,offline_raw_counter_recompute,candidate-ready
standard__canneal__capd__seed-2026::read_light,stage11-standard-cost-profiles-v2-r6,standard__canneal__capd__seed-2026,standard,canneal,capd,2026,read_light,1,2,4,8,598566,1,1433,1320,600000,0,1320,0,614860,1.0247666666666666,offline_raw_counter_recompute,candidate-ready
standard__canneal__capd__seed-2026::default,stage11-standard-cost-profiles-v2-r6,standard__canneal__capd__seed-2026,standard,canneal,capd,2026,default,1,2,8,10,598566,1,1433,1320,600000,0,1320,0,623232,1.03872,offline_raw_counter_recompute,candidate-ready
standard__canneal__capd__seed-2026::write_expensive,stage11-standard-cost-profiles-v2-r6,standard__canneal__capd__seed-2026,standard,canneal,capd,2026,write_expensive,1,2,12,10,598566,1,1433,1320,600000,0,1320,0,628964,1.0482733333333334,offline_raw_counter_recompute,candidate-ready
standard__canneal__capd__seed-2026::migration_expensive,stage11-standard-cost-profiles-v2-r6,standard__canneal__capd__seed-2026,standard,canneal,capd,2026,migration_expensive,1,2,8,20,598566,1,1433,1320,600000,0,1320,0,636432,1.06072,offline_raw_counter_recompute,candidate-ready
standard__canneal__capd__seed-3136859::read_light,stage11-standard-cost-profiles-v2-r6,standard__canneal__capd__seed-3136859,standard,canneal,capd,3136859,read_light,1,2,4,8,598566,1,1433,1320,600000,0,1320,0,614860,1.0247666666666666,offline_raw_counter_recompute,candidate-ready
standard__canneal__capd__seed-3136859::default,stage11-standard-cost-profiles-v2-r6,standard__canneal__capd__seed-3136859,standard,canneal,capd,3136859,default,1,2,8,10,598566,1,1433,1320,600000,0,1320,0,623232,1.03872,offline_raw_counter_recompute,candidate-ready
standard__canneal__capd__seed-3136859::write_expensive,stage11-standard-cost-profiles-v2-r6,standard__canneal__capd__seed-3136859,standard,canneal,capd,3136859,write_expensive,1,2,12,10,598566,1,1433,1320,600000,0,1320,0,628964,1.0482733333333334,offline_raw_counter_recompute,candidate-ready
standard__canneal__capd__seed-3136859::migration_expensive,stage11-standard-cost-profiles-v2-r6,standard__canneal__capd__seed-3136859,standard,canneal,capd,3136859,migration_expensive,1,2,8,20,598566,1,1433,1320,600000,0,1320,0,636432,1.06072,offline_raw_counter_recompute,candidate-ready
standard__canneal__capd__seed-42::read_light,stage11-standard-cost-profiles-v2-r6,standard__canneal__capd__seed-42,standard,canneal,capd,42,read_light,1,2,4,8,598566,1,1433,1320,600000,0,1320,0,614860,1.0247666666666666,offline_raw_counter_recompute,candidate-ready
standard__canneal__capd__seed-42::default,stage11-standard-cost-profiles-v2-r6,standard__canneal__capd__seed-42,standard,canneal,capd,42,default,1,2,8,10,598566,1,1433,1320,600000,0,1320,0,623232,1.03872,offline_raw_counter_recompute,candidate-ready
standard__canneal__capd__seed-42::write_expensive,stage11-standard-cost-profiles-v2-r6,standard__canneal__capd__seed-42,standard,canneal,capd,42,write_expensive,1,2,12,10,598566,1,1433,1320,600000,0,1320,0,628964,1.0482733333333334,offline_raw_counter_recompute,candidate-ready
standard__canneal__capd__seed-42::migration_expensive,stage11-standard-cost-profiles-v2-r6,standard__canneal__capd__seed-42,standard,canneal,capd,42,migration_expensive,1,2,8,20,598566,1,1433,1320,600000,0,1320,0,636432,1.06072,offline_raw_counter_recompute,candidate-ready
standard__canneal__oracle::read_light,stage11-standard-cost-profiles-v2-r6,standard__canneal__oracle,standard,canneal,oracle,N/A,read_light,1,2,4,8,598566,1,1433,1320,600000,0,1320,0,614860,1.0247666666666666,offline_raw_counter_recompute,candidate-ready
standard__canneal__oracle::default,stage11-standard-cost-profiles-v2-r6,standard__canneal__oracle,standard,canneal,oracle,N/A,default,1,2,8,10,598566,1,1433,1320,600000,0,1320,0,623232,1.03872,offline_raw_counter_recompute,candidate-ready
standard__canneal__oracle::write_expensive,stage11-standard-cost-profiles-v2-r6,standard__canneal__oracle,standard,canneal,oracle,N/A,write_expensive,1,2,12,10,598566,1,1433,1320,600000,0,1320,0,628964,1.0482733333333334,offline_raw_counter_recompute,candidate-ready
standard__canneal__oracle::migration_expensive,stage11-standard-cost-profiles-v2-r6,standard__canneal__oracle,standard,canneal,oracle,N/A,migration_expensive,1,2,8,20,598566,1,1433,1320,600000,0,1320,0,636432,1.06072,offline_raw_counter_recompute,candidate-ready
standard__canneal__proactive_clock::read_light,stage11-standard-cost-profiles-v2-r6,standard__canneal__proactive_clock,standard,canneal,proactive_clock,N/A,read_light,1,2,4,8,598566,1,1433,1320,600000,0,1320,0,614860,1.0247666666666666,offline_raw_counter_recompute,candidate-ready
standard__canneal__proactive_clock::default,stage11-standard-cost-profiles-v2-r6,standard__canneal__proactive_clock,standard,canneal,proactive_clock,N/A,default,1,2,8,10,598566,1,1433,1320,600000,0,1320,0,623232,1.03872,offline_raw_counter_recompute,candidate-ready
standard__canneal__proactive_clock::write_expensive,stage11-standard-cost-profiles-v2-r6,standard__canneal__proactive_clock,standard,canneal,proactive_clock,N/A,write_expensive,1,2,12,10,598566,1,1433,1320,600000,0,1320,0,628964,1.0482733333333334,offline_raw_counter_recompute,candidate-ready
standard__canneal__proactive_clock::migration_expensive,stage11-standard-cost-profiles-v2-r6,standard__canneal__proactive_clock,standard,canneal,proactive_clock,N/A,migration_expensive,1,2,8,20,598566,1,1433,1320,600000,0,1320,0,636432,1.06072,offline_raw_counter_recompute,candidate-ready
standard__canneal__proactive_lru::read_light,stage11-standard-cost-profiles-v2-r6,standard__canneal__proactive_lru,standard,canneal,proactive_lru,N/A,read_light,1,2,4,8,598566,1,1433,1320,600000,0,1320,0,614860,1.0247666666666666,offline_raw_counter_recompute,candidate-ready
standard__canneal__proactive_lru::default,stage11-standard-cost-profiles-v2-r6,standard__canneal__proactive_lru,standard,canneal,proactive_lru,N/A,default,1,2,8,10,598566,1,1433,1320,600000,0,1320,0,623232,1.03872,offline_raw_counter_recompute,candidate-ready
standard__canneal__proactive_lru::write_expensive,stage11-standard-cost-profiles-v2-r6,standard__canneal__proactive_lru,standard,canneal,proactive_lru,N/A,write_expensive,1,2,12,10,598566,1,1433,1320,600000,0,1320,0,628964,1.0482733333333334,offline_raw_counter_recompute,candidate-ready
standard__canneal__proactive_lru::migration_expensive,stage11-standard-cost-profiles-v2-r6,standard__canneal__proactive_lru,standard,canneal,proactive_lru,N/A,migration_expensive,1,2,8,20,598566,1,1433,1320,600000,0,1320,0,636432,1.06072,offline_raw_counter_recompute,candidate-ready
standard__canneal__reactive_lru::read_light,stage11-standard-cost-profiles-v2-r6,standard__canneal__reactive_lru,standard,canneal,reactive_lru,N/A,read_light,1,2,4,8,598566,1,1433,1314,600000,1314,0,0,614812,1.0246866666666667,offline_raw_counter_recompute,candidate-ready
standard__canneal__reactive_lru::default,stage11-standard-cost-profiles-v2-r6,standard__canneal__reactive_lru,standard,canneal,reactive_lru,N/A,default,1,2,8,10,598566,1,1433,1314,600000,1314,0,0,623172,1.03862,offline_raw_counter_recompute,candidate-ready
standard__canneal__reactive_lru::write_expensive,stage11-standard-cost-profiles-v2-r6,standard__canneal__reactive_lru,standard,canneal,reactive_lru,N/A,write_expensive,1,2,12,10,598566,1,1433,1314,600000,1314,0,0,628904,1.0481733333333334,offline_raw_counter_recompute,candidate-ready
standard__canneal__reactive_lru::migration_expensive,stage11-standard-cost-profiles-v2-r6,standard__canneal__reactive_lru,standard,canneal,reactive_lru,N/A,migration_expensive,1,2,8,20,598566,1,1433,1314,600000,1314,0,0,636312,1.06052,offline_raw_counter_recompute,candidate-ready
standard__canneal__tpp_inspired::read_light,stage11-standard-cost-profiles-v2-r6,standard__canneal__tpp_inspired,standard,canneal,tpp_inspired,N/A,read_light,1,2,4,8,598566,1,1433,1320,600000,0,1320,0,614860,1.0247666666666666,offline_raw_counter_recompute,candidate-ready
standard__canneal__tpp_inspired::default,stage11-standard-cost-profiles-v2-r6,standard__canneal__tpp_inspired,standard,canneal,tpp_inspired,N/A,default,1,2,8,10,598566,1,1433,1320,600000,0,1320,0,623232,1.03872,offline_raw_counter_recompute,candidate-ready
standard__canneal__tpp_inspired::write_expensive,stage11-standard-cost-profiles-v2-r6,standard__canneal__tpp_inspired,standard,canneal,tpp_inspired,N/A,write_expensive,1,2,12,10,598566,1,1433,1320,600000,0,1320,0,628964,1.0482733333333334,offline_raw_counter_recompute,candidate-ready
standard__canneal__tpp_inspired::migration_expensive,stage11-standard-cost-profiles-v2-r6,standard__canneal__tpp_inspired,standard,canneal,tpp_inspired,N/A,migration_expensive,1,2,8,20,598566,1,1433,1320,600000,0,1320,0,636432,1.06072,offline_raw_counter_recompute,candidate-ready
standard__dedup_pressure__capd__seed-2026::read_light,stage11-standard-cost-profiles-v2-r6,standard__dedup_pressure__capd__seed-2026,standard,dedup_pressure,capd,2026,read_light,1,2,4,8,599729,4,267,252,600000,0,189,63,602821,1.0047016666666666,offline_raw_counter_recompute,candidate-ready
standard__dedup_pressure__capd__seed-2026::default,stage11-standard-cost-profiles-v2-r6,standard__dedup_pressure__capd__seed-2026,standard,dedup_pressure,capd,2026,default,1,2,8,10,599729,4,267,252,600000,0,189,63,604393,1.0073216666666667,offline_raw_counter_recompute,candidate-ready
standard__dedup_pressure__capd__seed-2026::write_expensive,stage11-standard-cost-profiles-v2-r6,standard__dedup_pressure__capd__seed-2026,standard,dedup_pressure,capd,2026,write_expensive,1,2,12,10,599729,4,267,252,600000,0,189,63,605461,1.0091016666666666,offline_raw_counter_recompute,candidate-ready
standard__dedup_pressure__capd__seed-2026::migration_expensive,stage11-standard-cost-profiles-v2-r6,standard__dedup_pressure__capd__seed-2026,standard,dedup_pressure,capd,2026,migration_expensive,1,2,8,20,599729,4,267,252,600000,0,189,63,606913,1.0115216666666667,offline_raw_counter_recompute,candidate-ready
standard__dedup_pressure__capd__seed-3136859::read_light,stage11-standard-cost-profiles-v2-r6,standard__dedup_pressure__capd__seed-3136859,standard,dedup_pressure,capd,3136859,read_light,1,2,4,8,599729,4,267,252,600000,0,189,63,602821,1.0047016666666666,offline_raw_counter_recompute,candidate-ready
standard__dedup_pressure__capd__seed-3136859::default,stage11-standard-cost-profiles-v2-r6,standard__dedup_pressure__capd__seed-3136859,standard,dedup_pressure,capd,3136859,default,1,2,8,10,599729,4,267,252,600000,0,189,63,604393,1.0073216666666667,offline_raw_counter_recompute,candidate-ready
standard__dedup_pressure__capd__seed-3136859::write_expensive,stage11-standard-cost-profiles-v2-r6,standard__dedup_pressure__capd__seed-3136859,standard,dedup_pressure,capd,3136859,write_expensive,1,2,12,10,599729,4,267,252,600000,0,189,63,605461,1.0091016666666666,offline_raw_counter_recompute,candidate-ready
standard__dedup_pressure__capd__seed-3136859::migration_expensive,stage11-standard-cost-profiles-v2-r6,standard__dedup_pressure__capd__seed-3136859,standard,dedup_pressure,capd,3136859,migration_expensive,1,2,8,20,599729,4,267,252,600000,0,189,63,606913,1.0115216666666667,offline_raw_counter_recompute,candidate-ready
standard__dedup_pressure__capd__seed-42::read_light,stage11-standard-cost-profiles-v2-r6,standard__dedup_pressure__capd__seed-42,standard,dedup_pressure,capd,42,read_light,1,2,4,8,599729,4,267,252,600000,0,189,63,602821,1.0047016666666666,offline_raw_counter_recompute,candidate-ready
standard__dedup_pressure__capd__seed-42::default,stage11-standard-cost-profiles-v2-r6,standard__dedup_pressure__capd__seed-42,standard,dedup_pressure,capd,42,default,1,2,8,10,599729,4,267,252,600000,0,189,63,604393,1.0073216666666667,offline_raw_counter_recompute,candidate-ready
standard__dedup_pressure__capd__seed-42::write_expensive,stage11-standard-cost-profiles-v2-r6,standard__dedup_pressure__capd__seed-42,standard,dedup_pressure,capd,42,write_expensive,1,2,12,10,599729,4,267,252,600000,0,189,63,605461,1.0091016666666666,offline_raw_counter_recompute,candidate-ready
standard__dedup_pressure__capd__seed-42::migration_expensive,stage11-standard-cost-profiles-v2-r6,standard__dedup_pressure__capd__seed-42,standard,dedup_pressure,capd,42,migration_expensive,1,2,8,20,599729,4,267,252,600000,0,189,63,606913,1.0115216666666667,offline_raw_counter_recompute,candidate-ready
standard__dedup_pressure__oracle::read_light,stage11-standard-cost-profiles-v2-r6,standard__dedup_pressure__oracle,standard,dedup_pressure,oracle,N/A,read_light,1,2,4,8,599729,4,267,252,600000,0,189,63,602821,1.0047016666666666,offline_raw_counter_recompute,candidate-ready
standard__dedup_pressure__oracle::default,stage11-standard-cost-profiles-v2-r6,standard__dedup_pressure__oracle,standard,dedup_pressure,oracle,N/A,default,1,2,8,10,599729,4,267,252,600000,0,189,63,604393,1.0073216666666667,offline_raw_counter_recompute,candidate-ready
standard__dedup_pressure__oracle::write_expensive,stage11-standard-cost-profiles-v2-r6,standard__dedup_pressure__oracle,standard,dedup_pressure,oracle,N/A,write_expensive,1,2,12,10,599729,4,267,252,600000,0,189,63,605461,1.0091016666666666,offline_raw_counter_recompute,candidate-ready
standard__dedup_pressure__oracle::migration_expensive,stage11-standard-cost-profiles-v2-r6,standard__dedup_pressure__oracle,standard,dedup_pressure,oracle,N/A,migration_expensive,1,2,8,20,599729,4,267,252,600000,0,189,63,606913,1.0115216666666667,offline_raw_counter_recompute,candidate-ready
standard__dedup_pressure__proactive_clock::read_light,stage11-standard-cost-profiles-v2-r6,standard__dedup_pressure__proactive_clock,standard,dedup_pressure,proactive_clock,N/A,read_light,1,2,4,8,599729,4,267,252,600000,0,189,63,602821,1.0047016666666666,offline_raw_counter_recompute,candidate-ready
standard__dedup_pressure__proactive_clock::default,stage11-standard-cost-profiles-v2-r6,standard__dedup_pressure__proactive_clock,standard,dedup_pressure,proactive_clock,N/A,default,1,2,8,10,599729,4,267,252,600000,0,189,63,604393,1.0073216666666667,offline_raw_counter_recompute,candidate-ready
standard__dedup_pressure__proactive_clock::write_expensive,stage11-standard-cost-profiles-v2-r6,standard__dedup_pressure__proactive_clock,standard,dedup_pressure,proactive_clock,N/A,write_expensive,1,2,12,10,599729,4,267,252,600000,0,189,63,605461,1.0091016666666666,offline_raw_counter_recompute,candidate-ready
standard__dedup_pressure__proactive_clock::migration_expensive,stage11-standard-cost-profiles-v2-r6,standard__dedup_pressure__proactive_clock,standard,dedup_pressure,proactive_clock,N/A,migration_expensive,1,2,8,20,599729,4,267,252,600000,0,189,63,606913,1.0115216666666667,offline_raw_counter_recompute,candidate-ready
standard__dedup_pressure__proactive_lru::read_light,stage11-standard-cost-profiles-v2-r6,standard__dedup_pressure__proactive_lru,standard,dedup_pressure,proactive_lru,N/A,read_light,1,2,4,8,599729,4,267,252,600000,0,189,63,602821,1.0047016666666666,offline_raw_counter_recompute,candidate-ready
standard__dedup_pressure__proactive_lru::default,stage11-standard-cost-profiles-v2-r6,standard__dedup_pressure__proactive_lru,standard,dedup_pressure,proactive_lru,N/A,default,1,2,8,10,599729,4,267,252,600000,0,189,63,604393,1.0073216666666667,offline_raw_counter_recompute,candidate-ready
standard__dedup_pressure__proactive_lru::write_expensive,stage11-standard-cost-profiles-v2-r6,standard__dedup_pressure__proactive_lru,standard,dedup_pressure,proactive_lru,N/A,write_expensive,1,2,12,10,599729,4,267,252,600000,0,189,63,605461,1.0091016666666666,offline_raw_counter_recompute,candidate-ready
standard__dedup_pressure__proactive_lru::migration_expensive,stage11-standard-cost-profiles-v2-r6,standard__dedup_pressure__proactive_lru,standard,dedup_pressure,proactive_lru,N/A,migration_expensive,1,2,8,20,599729,4,267,252,600000,0,189,63,606913,1.0115216666666667,offline_raw_counter_recompute,candidate-ready
standard__dedup_pressure__reactive_lru::read_light,stage11-standard-cost-profiles-v2-r6,standard__dedup_pressure__reactive_lru,standard,dedup_pressure,reactive_lru,N/A,read_light,1,2,4,8,599729,4,267,250,600000,250,0,0,602805,1.004675,offline_raw_counter_recompute,candidate-ready
standard__dedup_pressure__reactive_lru::default,stage11-standard-cost-profiles-v2-r6,standard__dedup_pressure__reactive_lru,standard,dedup_pressure,reactive_lru,N/A,default,1,2,8,10,599729,4,267,250,600000,250,0,0,604373,1.0072883333333333,offline_raw_counter_recompute,candidate-ready
standard__dedup_pressure__reactive_lru::write_expensive,stage11-standard-cost-profiles-v2-r6,standard__dedup_pressure__reactive_lru,standard,dedup_pressure,reactive_lru,N/A,write_expensive,1,2,12,10,599729,4,267,250,600000,250,0,0,605441,1.0090683333333332,offline_raw_counter_recompute,candidate-ready
standard__dedup_pressure__reactive_lru::migration_expensive,stage11-standard-cost-profiles-v2-r6,standard__dedup_pressure__reactive_lru,standard,dedup_pressure,reactive_lru,N/A,migration_expensive,1,2,8,20,599729,4,267,250,600000,250,0,0,606873,1.011455,offline_raw_counter_recompute,candidate-ready
standard__dedup_pressure__tpp_inspired::read_light,stage11-standard-cost-profiles-v2-r6,standard__dedup_pressure__tpp_inspired,standard,dedup_pressure,tpp_inspired,N/A,read_light,1,2,4,8,599729,4,267,252,600000,0,189,63,602821,1.0047016666666666,offline_raw_counter_recompute,candidate-ready
standard__dedup_pressure__tpp_inspired::default,stage11-standard-cost-profiles-v2-r6,standard__dedup_pressure__tpp_inspired,standard,dedup_pressure,tpp_inspired,N/A,default,1,2,8,10,599729,4,267,252,600000,0,189,63,604393,1.0073216666666667,offline_raw_counter_recompute,candidate-ready
standard__dedup_pressure__tpp_inspired::write_expensive,stage11-standard-cost-profiles-v2-r6,standard__dedup_pressure__tpp_inspired,standard,dedup_pressure,tpp_inspired,N/A,write_expensive,1,2,12,10,599729,4,267,252,600000,0,189,63,605461,1.0091016666666666,offline_raw_counter_recompute,candidate-ready
standard__dedup_pressure__tpp_inspired::migration_expensive,stage11-standard-cost-profiles-v2-r6,standard__dedup_pressure__tpp_inspired,standard,dedup_pressure,tpp_inspired,N/A,migration_expensive,1,2,8,20,599729,4,267,252,600000,0,189,63,606913,1.0115216666666667,offline_raw_counter_recompute,candidate-ready
standard__fluidanimate__capd__seed-2026::read_light,stage11-standard-cost-profiles-v2-r6,standard__fluidanimate__capd__seed-2026,standard,fluidanimate,capd,2026,read_light,1,2,4,8,599997,1,2,0,600000,0,0,0,600007,1.0000116666666667,offline_raw_counter_recompute,candidate-ready
standard__fluidanimate__capd__seed-2026::default,stage11-standard-cost-profiles-v2-r6,standard__fluidanimate__capd__seed-2026,standard,fluidanimate,capd,2026,default,1,2,8,10,599997,1,2,0,600000,0,0,0,600015,1.000025,offline_raw_counter_recompute,candidate-ready
standard__fluidanimate__capd__seed-2026::write_expensive,stage11-standard-cost-profiles-v2-r6,standard__fluidanimate__capd__seed-2026,standard,fluidanimate,capd,2026,write_expensive,1,2,12,10,599997,1,2,0,600000,0,0,0,600023,1.0000383333333334,offline_raw_counter_recompute,candidate-ready
standard__fluidanimate__capd__seed-2026::migration_expensive,stage11-standard-cost-profiles-v2-r6,standard__fluidanimate__capd__seed-2026,standard,fluidanimate,capd,2026,migration_expensive,1,2,8,20,599997,1,2,0,600000,0,0,0,600015,1.000025,offline_raw_counter_recompute,candidate-ready
standard__fluidanimate__capd__seed-3136859::read_light,stage11-standard-cost-profiles-v2-r6,standard__fluidanimate__capd__seed-3136859,standard,fluidanimate,capd,3136859,read_light,1,2,4,8,599997,1,2,0,600000,0,0,0,600007,1.0000116666666667,offline_raw_counter_recompute,candidate-ready
standard__fluidanimate__capd__seed-3136859::default,stage11-standard-cost-profiles-v2-r6,standard__fluidanimate__capd__seed-3136859,standard,fluidanimate,capd,3136859,default,1,2,8,10,599997,1,2,0,600000,0,0,0,600015,1.000025,offline_raw_counter_recompute,candidate-ready
standard__fluidanimate__capd__seed-3136859::write_expensive,stage11-standard-cost-profiles-v2-r6,standard__fluidanimate__capd__seed-3136859,standard,fluidanimate,capd,3136859,write_expensive,1,2,12,10,599997,1,2,0,600000,0,0,0,600023,1.0000383333333334,offline_raw_counter_recompute,candidate-ready
standard__fluidanimate__capd__seed-3136859::migration_expensive,stage11-standard-cost-profiles-v2-r6,standard__fluidanimate__capd__seed-3136859,standard,fluidanimate,capd,3136859,migration_expensive,1,2,8,20,599997,1,2,0,600000,0,0,0,600015,1.000025,offline_raw_counter_recompute,candidate-ready
standard__fluidanimate__capd__seed-42::read_light,stage11-standard-cost-profiles-v2-r6,standard__fluidanimate__capd__seed-42,standard,fluidanimate,capd,42,read_light,1,2,4,8,599997,1,2,0,600000,0,0,0,600007,1.0000116666666667,offline_raw_counter_recompute,candidate-ready
standard__fluidanimate__capd__seed-42::default,stage11-standard-cost-profiles-v2-r6,standard__fluidanimate__capd__seed-42,standard,fluidanimate,capd,42,default,1,2,8,10,599997,1,2,0,600000,0,0,0,600015,1.000025,offline_raw_counter_recompute,candidate-ready
standard__fluidanimate__capd__seed-42::write_expensive,stage11-standard-cost-profiles-v2-r6,standard__fluidanimate__capd__seed-42,standard,fluidanimate,capd,42,write_expensive,1,2,12,10,599997,1,2,0,600000,0,0,0,600023,1.0000383333333334,offline_raw_counter_recompute,candidate-ready
standard__fluidanimate__capd__seed-42::migration_expensive,stage11-standard-cost-profiles-v2-r6,standard__fluidanimate__capd__seed-42,standard,fluidanimate,capd,42,migration_expensive,1,2,8,20,599997,1,2,0,600000,0,0,0,600015,1.000025,offline_raw_counter_recompute,candidate-ready
standard__fluidanimate__oracle::read_light,stage11-standard-cost-profiles-v2-r6,standard__fluidanimate__oracle,standard,fluidanimate,oracle,N/A,read_light,1,2,4,8,599997,1,2,0,600000,0,0,0,600007,1.0000116666666667,offline_raw_counter_recompute,candidate-ready
standard__fluidanimate__oracle::default,stage11-standard-cost-profiles-v2-r6,standard__fluidanimate__oracle,standard,fluidanimate,oracle,N/A,default,1,2,8,10,599997,1,2,0,600000,0,0,0,600015,1.000025,offline_raw_counter_recompute,candidate-ready
standard__fluidanimate__oracle::write_expensive,stage11-standard-cost-profiles-v2-r6,standard__fluidanimate__oracle,standard,fluidanimate,oracle,N/A,write_expensive,1,2,12,10,599997,1,2,0,600000,0,0,0,600023,1.0000383333333334,offline_raw_counter_recompute,candidate-ready
standard__fluidanimate__oracle::migration_expensive,stage11-standard-cost-profiles-v2-r6,standard__fluidanimate__oracle,standard,fluidanimate,oracle,N/A,migration_expensive,1,2,8,20,599997,1,2,0,600000,0,0,0,600015,1.000025,offline_raw_counter_recompute,candidate-ready
standard__fluidanimate__proactive_clock::read_light,stage11-standard-cost-profiles-v2-r6,standard__fluidanimate__proactive_clock,standard,fluidanimate,proactive_clock,N/A,read_light,1,2,4,8,599997,1,2,0,600000,0,0,0,600007,1.0000116666666667,offline_raw_counter_recompute,candidate-ready
standard__fluidanimate__proactive_clock::default,stage11-standard-cost-profiles-v2-r6,standard__fluidanimate__proactive_clock,standard,fluidanimate,proactive_clock,N/A,default,1,2,8,10,599997,1,2,0,600000,0,0,0,600015,1.000025,offline_raw_counter_recompute,candidate-ready
standard__fluidanimate__proactive_clock::write_expensive,stage11-standard-cost-profiles-v2-r6,standard__fluidanimate__proactive_clock,standard,fluidanimate,proactive_clock,N/A,write_expensive,1,2,12,10,599997,1,2,0,600000,0,0,0,600023,1.0000383333333334,offline_raw_counter_recompute,candidate-ready
standard__fluidanimate__proactive_clock::migration_expensive,stage11-standard-cost-profiles-v2-r6,standard__fluidanimate__proactive_clock,standard,fluidanimate,proactive_clock,N/A,migration_expensive,1,2,8,20,599997,1,2,0,600000,0,0,0,600015,1.000025,offline_raw_counter_recompute,candidate-ready
standard__fluidanimate__proactive_lru::read_light,stage11-standard-cost-profiles-v2-r6,standard__fluidanimate__proactive_lru,standard,fluidanimate,proactive_lru,N/A,read_light,1,2,4,8,599997,1,2,0,600000,0,0,0,600007,1.0000116666666667,offline_raw_counter_recompute,candidate-ready
standard__fluidanimate__proactive_lru::default,stage11-standard-cost-profiles-v2-r6,standard__fluidanimate__proactive_lru,standard,fluidanimate,proactive_lru,N/A,default,1,2,8,10,599997,1,2,0,600000,0,0,0,600015,1.000025,offline_raw_counter_recompute,candidate-ready
standard__fluidanimate__proactive_lru::write_expensive,stage11-standard-cost-profiles-v2-r6,standard__fluidanimate__proactive_lru,standard,fluidanimate,proactive_lru,N/A,write_expensive,1,2,12,10,599997,1,2,0,600000,0,0,0,600023,1.0000383333333334,offline_raw_counter_recompute,candidate-ready
standard__fluidanimate__proactive_lru::migration_expensive,stage11-standard-cost-profiles-v2-r6,standard__fluidanimate__proactive_lru,standard,fluidanimate,proactive_lru,N/A,migration_expensive,1,2,8,20,599997,1,2,0,600000,0,0,0,600015,1.000025,offline_raw_counter_recompute,candidate-ready
standard__fluidanimate__reactive_lru::read_light,stage11-standard-cost-profiles-v2-r6,standard__fluidanimate__reactive_lru,standard,fluidanimate,reactive_lru,N/A,read_light,1,2,4,8,599997,1,2,0,600000,0,0,0,600007,1.0000116666666667,offline_raw_counter_recompute,candidate-ready
standard__fluidanimate__reactive_lru::default,stage11-standard-cost-profiles-v2-r6,standard__fluidanimate__reactive_lru,standard,fluidanimate,reactive_lru,N/A,default,1,2,8,10,599997,1,2,0,600000,0,0,0,600015,1.000025,offline_raw_counter_recompute,candidate-ready
standard__fluidanimate__reactive_lru::write_expensive,stage11-standard-cost-profiles-v2-r6,standard__fluidanimate__reactive_lru,standard,fluidanimate,reactive_lru,N/A,write_expensive,1,2,12,10,599997,1,2,0,600000,0,0,0,600023,1.0000383333333334,offline_raw_counter_recompute,candidate-ready
standard__fluidanimate__reactive_lru::migration_expensive,stage11-standard-cost-profiles-v2-r6,standard__fluidanimate__reactive_lru,standard,fluidanimate,reactive_lru,N/A,migration_expensive,1,2,8,20,599997,1,2,0,600000,0,0,0,600015,1.000025,offline_raw_counter_recompute,candidate-ready
standard__fluidanimate__tpp_inspired::read_light,stage11-standard-cost-profiles-v2-r6,standard__fluidanimate__tpp_inspired,standard,fluidanimate,tpp_inspired,N/A,read_light,1,2,4,8,599997,1,2,0,600000,0,0,0,600007,1.0000116666666667,offline_raw_counter_recompute,candidate-ready
standard__fluidanimate__tpp_inspired::default,stage11-standard-cost-profiles-v2-r6,standard__fluidanimate__tpp_inspired,standard,fluidanimate,tpp_inspired,N/A,default,1,2,8,10,599997,1,2,0,600000,0,0,0,600015,1.000025,offline_raw_counter_recompute,candidate-ready
standard__fluidanimate__tpp_inspired::write_expensive,stage11-standard-cost-profiles-v2-r6,standard__fluidanimate__tpp_inspired,standard,fluidanimate,tpp_inspired,N/A,write_expensive,1,2,12,10,599997,1,2,0,600000,0,0,0,600023,1.0000383333333334,offline_raw_counter_recompute,candidate-ready
standard__fluidanimate__tpp_inspired::migration_expensive,stage11-standard-cost-profiles-v2-r6,standard__fluidanimate__tpp_inspired,standard,fluidanimate,tpp_inspired,N/A,migration_expensive,1,2,8,20,599997,1,2,0,600000,0,0,0,600015,1.000025,offline_raw_counter_recompute,candidate-ready
standard__streamcluster_pressure__capd__seed-2026::read_light,stage11-standard-cost-profiles-v2-r6,standard__streamcluster_pressure__capd__seed-2026,standard,streamcluster_pressure,capd,2026,read_light,1,2,4,8,599976,5,19,4,600000,0,3,1,600094,1.0001566666666666,offline_raw_counter_recompute,candidate-ready
standard__streamcluster_pressure__capd__seed-2026::default,stage11-standard-cost-profiles-v2-r6,standard__streamcluster_pressure__capd__seed-2026,standard,streamcluster_pressure,capd,2026,default,1,2,8,10,599976,5,19,4,600000,0,3,1,600178,1.0002966666666666,offline_raw_counter_recompute,candidate-ready
standard__streamcluster_pressure__capd__seed-2026::write_expensive,stage11-standard-cost-profiles-v2-r6,standard__streamcluster_pressure__capd__seed-2026,standard,streamcluster_pressure,capd,2026,write_expensive,1,2,12,10,599976,5,19,4,600000,0,3,1,600254,1.0004233333333334,offline_raw_counter_recompute,candidate-ready
standard__streamcluster_pressure__capd__seed-2026::migration_expensive,stage11-standard-cost-profiles-v2-r6,standard__streamcluster_pressure__capd__seed-2026,standard,streamcluster_pressure,capd,2026,migration_expensive,1,2,8,20,599976,5,19,4,600000,0,3,1,600218,1.0003633333333333,offline_raw_counter_recompute,candidate-ready
standard__streamcluster_pressure__capd__seed-3136859::read_light,stage11-standard-cost-profiles-v2-r6,standard__streamcluster_pressure__capd__seed-3136859,standard,streamcluster_pressure,capd,3136859,read_light,1,2,4,8,599976,5,19,4,600000,0,3,1,600094,1.0001566666666666,offline_raw_counter_recompute,candidate-ready
standard__streamcluster_pressure__capd__seed-3136859::default,stage11-standard-cost-profiles-v2-r6,standard__streamcluster_pressure__capd__seed-3136859,standard,streamcluster_pressure,capd,3136859,default,1,2,8,10,599976,5,19,4,600000,0,3,1,600178,1.0002966666666666,offline_raw_counter_recompute,candidate-ready
standard__streamcluster_pressure__capd__seed-3136859::write_expensive,stage11-standard-cost-profiles-v2-r6,standard__streamcluster_pressure__capd__seed-3136859,standard,streamcluster_pressure,capd,3136859,write_expensive,1,2,12,10,599976,5,19,4,600000,0,3,1,600254,1.0004233333333334,offline_raw_counter_recompute,candidate-ready
standard__streamcluster_pressure__capd__seed-3136859::migration_expensive,stage11-standard-cost-profiles-v2-r6,standard__streamcluster_pressure__capd__seed-3136859,standard,streamcluster_pressure,capd,3136859,migration_expensive,1,2,8,20,599976,5,19,4,600000,0,3,1,600218,1.0003633333333333,offline_raw_counter_recompute,candidate-ready
standard__streamcluster_pressure__capd__seed-42::read_light,stage11-standard-cost-profiles-v2-r6,standard__streamcluster_pressure__capd__seed-42,standard,streamcluster_pressure,capd,42,read_light,1,2,4,8,599976,5,19,4,600000,0,3,1,600094,1.0001566666666666,offline_raw_counter_recompute,candidate-ready
standard__streamcluster_pressure__capd__seed-42::default,stage11-standard-cost-profiles-v2-r6,standard__streamcluster_pressure__capd__seed-42,standard,streamcluster_pressure,capd,42,default,1,2,8,10,599976,5,19,4,600000,0,3,1,600178,1.0002966666666666,offline_raw_counter_recompute,candidate-ready
standard__streamcluster_pressure__capd__seed-42::write_expensive,stage11-standard-cost-profiles-v2-r6,standard__streamcluster_pressure__capd__seed-42,standard,streamcluster_pressure,capd,42,write_expensive,1,2,12,10,599976,5,19,4,600000,0,3,1,600254,1.0004233333333334,offline_raw_counter_recompute,candidate-ready
standard__streamcluster_pressure__capd__seed-42::migration_expensive,stage11-standard-cost-profiles-v2-r6,standard__streamcluster_pressure__capd__seed-42,standard,streamcluster_pressure,capd,42,migration_expensive,1,2,8,20,599976,5,19,4,600000,0,3,1,600218,1.0003633333333333,offline_raw_counter_recompute,candidate-ready
standard__streamcluster_pressure__oracle::read_light,stage11-standard-cost-profiles-v2-r6,standard__streamcluster_pressure__oracle,standard,streamcluster_pressure,oracle,N/A,read_light,1,2,4,8,599976,5,19,4,600000,0,3,1,600094,1.0001566666666666,offline_raw_counter_recompute,candidate-ready
standard__streamcluster_pressure__oracle::default,stage11-standard-cost-profiles-v2-r6,standard__streamcluster_pressure__oracle,standard,streamcluster_pressure,oracle,N/A,default,1,2,8,10,599976,5,19,4,600000,0,3,1,600178,1.0002966666666666,offline_raw_counter_recompute,candidate-ready
standard__streamcluster_pressure__oracle::write_expensive,stage11-standard-cost-profiles-v2-r6,standard__streamcluster_pressure__oracle,standard,streamcluster_pressure,oracle,N/A,write_expensive,1,2,12,10,599976,5,19,4,600000,0,3,1,600254,1.0004233333333334,offline_raw_counter_recompute,candidate-ready
standard__streamcluster_pressure__oracle::migration_expensive,stage11-standard-cost-profiles-v2-r6,standard__streamcluster_pressure__oracle,standard,streamcluster_pressure,oracle,N/A,migration_expensive,1,2,8,20,599976,5,19,4,600000,0,3,1,600218,1.0003633333333333,offline_raw_counter_recompute,candidate-ready
standard__streamcluster_pressure__proactive_clock::read_light,stage11-standard-cost-profiles-v2-r6,standard__streamcluster_pressure__proactive_clock,standard,streamcluster_pressure,proactive_clock,N/A,read_light,1,2,4,8,599976,5,19,4,600000,0,3,1,600094,1.0001566666666666,offline_raw_counter_recompute,candidate-ready
standard__streamcluster_pressure__proactive_clock::default,stage11-standard-cost-profiles-v2-r6,standard__streamcluster_pressure__proactive_clock,standard,streamcluster_pressure,proactive_clock,N/A,default,1,2,8,10,599976,5,19,4,600000,0,3,1,600178,1.0002966666666666,offline_raw_counter_recompute,candidate-ready
standard__streamcluster_pressure__proactive_clock::write_expensive,stage11-standard-cost-profiles-v2-r6,standard__streamcluster_pressure__proactive_clock,standard,streamcluster_pressure,proactive_clock,N/A,write_expensive,1,2,12,10,599976,5,19,4,600000,0,3,1,600254,1.0004233333333334,offline_raw_counter_recompute,candidate-ready
standard__streamcluster_pressure__proactive_clock::migration_expensive,stage11-standard-cost-profiles-v2-r6,standard__streamcluster_pressure__proactive_clock,standard,streamcluster_pressure,proactive_clock,N/A,migration_expensive,1,2,8,20,599976,5,19,4,600000,0,3,1,600218,1.0003633333333333,offline_raw_counter_recompute,candidate-ready
standard__streamcluster_pressure__proactive_lru::read_light,stage11-standard-cost-profiles-v2-r6,standard__streamcluster_pressure__proactive_lru,standard,streamcluster_pressure,proactive_lru,N/A,read_light,1,2,4,8,599976,5,19,4,600000,0,3,1,600094,1.0001566666666666,offline_raw_counter_recompute,candidate-ready
standard__streamcluster_pressure__proactive_lru::default,stage11-standard-cost-profiles-v2-r6,standard__streamcluster_pressure__proactive_lru,standard,streamcluster_pressure,proactive_lru,N/A,default,1,2,8,10,599976,5,19,4,600000,0,3,1,600178,1.0002966666666666,offline_raw_counter_recompute,candidate-ready
standard__streamcluster_pressure__proactive_lru::write_expensive,stage11-standard-cost-profiles-v2-r6,standard__streamcluster_pressure__proactive_lru,standard,streamcluster_pressure,proactive_lru,N/A,write_expensive,1,2,12,10,599976,5,19,4,600000,0,3,1,600254,1.0004233333333334,offline_raw_counter_recompute,candidate-ready
standard__streamcluster_pressure__proactive_lru::migration_expensive,stage11-standard-cost-profiles-v2-r6,standard__streamcluster_pressure__proactive_lru,standard,streamcluster_pressure,proactive_lru,N/A,migration_expensive,1,2,8,20,599976,5,19,4,600000,0,3,1,600218,1.0003633333333333,offline_raw_counter_recompute,candidate-ready
standard__streamcluster_pressure__reactive_lru::read_light,stage11-standard-cost-profiles-v2-r6,standard__streamcluster_pressure__reactive_lru,standard,streamcluster_pressure,reactive_lru,N/A,read_light,1,2,4,8,599976,5,19,2,600000,2,0,0,600078,1.00013,offline_raw_counter_recompute,candidate-ready
standard__streamcluster_pressure__reactive_lru::default,stage11-standard-cost-profiles-v2-r6,standard__streamcluster_pressure__reactive_lru,standard,streamcluster_pressure,reactive_lru,N/A,default,1,2,8,10,599976,5,19,2,600000,2,0,0,600158,1.0002633333333333,offline_raw_counter_recompute,candidate-ready
standard__streamcluster_pressure__reactive_lru::write_expensive,stage11-standard-cost-profiles-v2-r6,standard__streamcluster_pressure__reactive_lru,standard,streamcluster_pressure,reactive_lru,N/A,write_expensive,1,2,12,10,599976,5,19,2,600000,2,0,0,600234,1.00039,offline_raw_counter_recompute,candidate-ready
standard__streamcluster_pressure__reactive_lru::migration_expensive,stage11-standard-cost-profiles-v2-r6,standard__streamcluster_pressure__reactive_lru,standard,streamcluster_pressure,reactive_lru,N/A,migration_expensive,1,2,8,20,599976,5,19,2,600000,2,0,0,600178,1.0002966666666666,offline_raw_counter_recompute,candidate-ready
standard__streamcluster_pressure__tpp_inspired::read_light,stage11-standard-cost-profiles-v2-r6,standard__streamcluster_pressure__tpp_inspired,standard,streamcluster_pressure,tpp_inspired,N/A,read_light,1,2,4,8,599976,5,19,4,600000,0,3,1,600094,1.0001566666666666,offline_raw_counter_recompute,candidate-ready
standard__streamcluster_pressure__tpp_inspired::default,stage11-standard-cost-profiles-v2-r6,standard__streamcluster_pressure__tpp_inspired,standard,streamcluster_pressure,tpp_inspired,N/A,default,1,2,8,10,599976,5,19,4,600000,0,3,1,600178,1.0002966666666666,offline_raw_counter_recompute,candidate-ready
standard__streamcluster_pressure__tpp_inspired::write_expensive,stage11-standard-cost-profiles-v2-r6,standard__streamcluster_pressure__tpp_inspired,standard,streamcluster_pressure,tpp_inspired,N/A,write_expensive,1,2,12,10,599976,5,19,4,600000,0,3,1,600254,1.0004233333333334,offline_raw_counter_recompute,candidate-ready
standard__streamcluster_pressure__tpp_inspired::migration_expensive,stage11-standard-cost-profiles-v2-r6,standard__streamcluster_pressure__tpp_inspired,standard,streamcluster_pressure,tpp_inspired,N/A,migration_expensive,1,2,8,20,599976,5,19,4,600000,0,3,1,600218,1.0003633333333333,offline_raw_counter_recompute,candidate-ready
standard__swaptions__capd__seed-2026::read_light,stage11-standard-cost-profiles-v2-r6,standard__swaptions__capd__seed-2026,standard,swaptions,capd,2026,read_light,1,2,4,8,592858,6519,623,7134,600000,0,4756,2378,665460,1.1091,offline_raw_counter_recompute,candidate-ready
standard__swaptions__capd__seed-2026::default,stage11-standard-cost-profiles-v2-r6,standard__swaptions__capd__seed-2026,standard,swaptions,capd,2026,default,1,2,8,10,592858,6519,623,7134,600000,0,4756,2378,682220,1.1370333333333333,offline_raw_counter_recompute,candidate-ready
standard__swaptions__capd__seed-2026::write_expensive,stage11-standard-cost-profiles-v2-r6,standard__swaptions__capd__seed-2026,standard,swaptions,capd,2026,write_expensive,1,2,12,10,592858,6519,623,7134,600000,0,4756,2378,684712,1.1411866666666666,offline_raw_counter_recompute,candidate-ready
standard__swaptions__capd__seed-2026::migration_expensive,stage11-standard-cost-profiles-v2-r6,standard__swaptions__capd__seed-2026,standard,swaptions,capd,2026,migration_expensive,1,2,8,20,592858,6519,623,7134,600000,0,4756,2378,753560,1.2559333333333333,offline_raw_counter_recompute,candidate-ready
standard__swaptions__capd__seed-3136859::read_light,stage11-standard-cost-profiles-v2-r6,standard__swaptions__capd__seed-3136859,standard,swaptions,capd,3136859,read_light,1,2,4,8,593002,6348,650,6990,600000,0,4660,2330,664218,1.10703,offline_raw_counter_recompute,candidate-ready
standard__swaptions__capd__seed-3136859::default,stage11-standard-cost-profiles-v2-r6,standard__swaptions__capd__seed-3136859,standard,swaptions,capd,3136859,default,1,2,8,10,593002,6348,650,6990,600000,0,4660,2330,680798,1.1346633333333334,offline_raw_counter_recompute,candidate-ready
standard__swaptions__capd__seed-3136859::write_expensive,stage11-standard-cost-profiles-v2-r6,standard__swaptions__capd__seed-3136859,standard,swaptions,capd,3136859,write_expensive,1,2,12,10,593002,6348,650,6990,600000,0,4660,2330,683398,1.1389966666666667,offline_raw_counter_recompute,candidate-ready
standard__swaptions__capd__seed-3136859::migration_expensive,stage11-standard-cost-profiles-v2-r6,standard__swaptions__capd__seed-3136859,standard,swaptions,capd,3136859,migration_expensive,1,2,8,20,593002,6348,650,6990,600000,0,4660,2330,750698,1.2511633333333334,offline_raw_counter_recompute,candidate-ready
standard__swaptions__capd__seed-42::read_light,stage11-standard-cost-profiles-v2-r6,standard__swaptions__capd__seed-42,standard,swaptions,capd,42,read_light,1,2,4,8,592960,6345,695,7032,600000,0,4688,2344,664686,1.10781,offline_raw_counter_recompute,candidate-ready
standard__swaptions__capd__seed-42::default,stage11-standard-cost-profiles-v2-r6,standard__swaptions__capd__seed-42,standard,swaptions,capd,42,default,1,2,8,10,592960,6345,695,7032,600000,0,4688,2344,681530,1.1358833333333334,offline_raw_counter_recompute,candidate-ready
standard__swaptions__capd__seed-42::write_expensive,stage11-standard-cost-profiles-v2-r6,standard__swaptions__capd__seed-42,standard,swaptions,capd,42,write_expensive,1,2,12,10,592960,6345,695,7032,600000,0,4688,2344,684310,1.1405166666666666,offline_raw_counter_recompute,candidate-ready
standard__swaptions__capd__seed-42::migration_expensive,stage11-standard-cost-profiles-v2-r6,standard__swaptions__capd__seed-42,standard,swaptions,capd,42,migration_expensive,1,2,8,20,592960,6345,695,7032,600000,0,4688,2344,751850,1.2530833333333333,offline_raw_counter_recompute,candidate-ready
standard__swaptions__oracle::read_light,stage11-standard-cost-profiles-v2-r6,standard__swaptions__oracle,standard,swaptions,oracle,N/A,read_light,1,2,4,8,593563,5707,730,6429,600000,0,4286,2143,659329,1.0988816666666668,offline_raw_counter_recompute,candidate-ready
standard__swaptions__oracle::default,stage11-standard-cost-profiles-v2-r6,standard__swaptions__oracle,standard,swaptions,oracle,N/A,default,1,2,8,10,593563,5707,730,6429,600000,0,4286,2143,675107,1.1251783333333334,offline_raw_counter_recompute,candidate-ready
standard__swaptions__oracle::write_expensive,stage11-standard-cost-profiles-v2-r6,standard__swaptions__oracle,standard,swaptions,oracle,N/A,write_expensive,1,2,12,10,593563,5707,730,6429,600000,0,4286,2143,678027,1.130045,offline_raw_counter_recompute,candidate-ready
standard__swaptions__oracle::migration_expensive,stage11-standard-cost-profiles-v2-r6,standard__swaptions__oracle,standard,swaptions,oracle,N/A,migration_expensive,1,2,8,20,593563,5707,730,6429,600000,0,4286,2143,739397,1.2323283333333332,offline_raw_counter_recompute,candidate-ready
standard__swaptions__proactive_clock::read_light,stage11-standard-cost-profiles-v2-r6,standard__swaptions__proactive_clock,standard,swaptions,proactive_clock,N/A,read_light,1,2,4,8,590997,7703,1300,8997,600000,0,5998,2999,683579,1.1392983333333333,offline_raw_counter_recompute,candidate-ready
standard__swaptions__proactive_clock::default,stage11-standard-cost-profiles-v2-r6,standard__swaptions__proactive_clock,standard,swaptions,proactive_clock,N/A,default,1,2,8,10,590997,7703,1300,8997,600000,0,5998,2999,706773,1.177955,offline_raw_counter_recompute,candidate-ready
standard__swaptions__proactive_clock::write_expensive,stage11-standard-cost-profiles-v2-r6,standard__swaptions__proactive_clock,standard,swaptions,proactive_clock,N/A,write_expensive,1,2,12,10,590997,7703,1300,8997,600000,0,5998,2999,711973,1.1866216666666667,offline_raw_counter_recompute,candidate-ready
standard__swaptions__proactive_clock::migration_expensive,stage11-standard-cost-profiles-v2-r6,standard__swaptions__proactive_clock,standard,swaptions,proactive_clock,N/A,migration_expensive,1,2,8,20,590997,7703,1300,8997,600000,0,5998,2999,796743,1.327905,offline_raw_counter_recompute,candidate-ready
standard__swaptions__proactive_lru::read_light,stage11-standard-cost-profiles-v2-r6,standard__swaptions__proactive_lru,standard,swaptions,proactive_lru,N/A,read_light,1,2,4,8,592309,6582,1109,7683,600000,0,5122,2561,671373,1.118955,offline_raw_counter_recompute,candidate-ready
standard__swaptions__proactive_lru::default,stage11-standard-cost-profiles-v2-r6,standard__swaptions__proactive_lru,standard,swaptions,proactive_lru,N/A,default,1,2,8,10,592309,6582,1109,7683,600000,0,5122,2561,691175,1.1519583333333334,offline_raw_counter_recompute,candidate-ready
standard__swaptions__proactive_lru::write_expensive,stage11-standard-cost-profiles-v2-r6,standard__swaptions__proactive_lru,standard,swaptions,proactive_lru,N/A,write_expensive,1,2,12,10,592309,6582,1109,7683,600000,0,5122,2561,695611,1.1593516666666666,offline_raw_counter_recompute,candidate-ready
standard__swaptions__proactive_lru::migration_expensive,stage11-standard-cost-profiles-v2-r6,standard__swaptions__proactive_lru,standard,swaptions,proactive_lru,N/A,migration_expensive,1,2,8,20,592309,6582,1109,7683,600000,0,5122,2561,768005,1.2800083333333334,offline_raw_counter_recompute,candidate-ready
standard__swaptions__reactive_lru::read_light,stage11-standard-cost-profiles-v2-r6,standard__swaptions__reactive_lru,standard,swaptions,reactive_lru,N/A,read_light,1,2,4,8,593209,5827,964,6783,600000,6783,0,0,662983,1.1049716666666667,offline_raw_counter_recompute,candidate-ready
standard__swaptions__reactive_lru::default,stage11-standard-cost-profiles-v2-r6,standard__swaptions__reactive_lru,standard,swaptions,reactive_lru,N/A,default,1,2,8,10,593209,5827,964,6783,600000,6783,0,0,680405,1.1340083333333333,offline_raw_counter_recompute,candidate-ready
standard__swaptions__reactive_lru::write_expensive,stage11-standard-cost-profiles-v2-r6,standard__swaptions__reactive_lru,standard,swaptions,reactive_lru,N/A,write_expensive,1,2,12,10,593209,5827,964,6783,600000,6783,0,0,684261,1.140435,offline_raw_counter_recompute,candidate-ready
standard__swaptions__reactive_lru::migration_expensive,stage11-standard-cost-profiles-v2-r6,standard__swaptions__reactive_lru,standard,swaptions,reactive_lru,N/A,migration_expensive,1,2,8,20,593209,5827,964,6783,600000,6783,0,0,748235,1.2470583333333334,offline_raw_counter_recompute,candidate-ready
standard__swaptions__tpp_inspired::read_light,stage11-standard-cost-profiles-v2-r6,standard__swaptions__tpp_inspired,standard,swaptions,tpp_inspired,N/A,read_light,1,2,4,8,592309,6582,1109,7683,600000,0,5122,2561,671373,1.118955,offline_raw_counter_recompute,candidate-ready
standard__swaptions__tpp_inspired::default,stage11-standard-cost-profiles-v2-r6,standard__swaptions__tpp_inspired,standard,swaptions,tpp_inspired,N/A,default,1,2,8,10,592309,6582,1109,7683,600000,0,5122,2561,691175,1.1519583333333334,offline_raw_counter_recompute,candidate-ready
standard__swaptions__tpp_inspired::write_expensive,stage11-standard-cost-profiles-v2-r6,standard__swaptions__tpp_inspired,standard,swaptions,tpp_inspired,N/A,write_expensive,1,2,12,10,592309,6582,1109,7683,600000,0,5122,2561,695611,1.1593516666666666,offline_raw_counter_recompute,candidate-ready
standard__swaptions__tpp_inspired::migration_expensive,stage11-standard-cost-profiles-v2-r6,standard__swaptions__tpp_inspired,standard,swaptions,tpp_inspired,N/A,migration_expensive,1,2,8,20,592309,6582,1109,7683,600000,0,5122,2561,768005,1.2800083333333334,offline_raw_counter_recompute,candidate-ready
